[{"model": "admin.logentry", "pk": 1, "fields": {"action_time": "2023-04-04T05:33:57.453Z", "user": 1, "content_type": 9, "object_id": "1", "object_repr": "qfomich", "action_flag": 2, "change_message": "[{\"changed\": {\"fields\": [\"First name\", \"Last name\", \"Email\"]}}]"}}, {"model": "admin.logentry", "pk": 2, "fields": {"action_time": "2023-04-04T06:04:58.866Z", "user": 1, "content_type": 9, "object_id": "2", "object_repr": "Sed", "action_flag": 3, "change_message": ""}}, {"model": "admin.logentry", "pk": 3, "fields": {"action_time": "2023-04-05T01:49:04.737Z", "user": 1, "content_type": 9, "object_id": "4", "object_repr": "Kris", "action_flag": 3, "change_message": ""}}, {"model": "admin.logentry", "pk": 4, "fields": {"action_time": "2023-04-05T01:49:05.086Z", "user": 1, "content_type": 9, "object_id": "3", "object_repr": "Sed", "action_flag": 3, "change_message": ""}}, {"model": "admin.logentry", "pk": 5, "fields": {"action_time": "2023-04-05T01:57:19.066Z", "user": 1, "content_type": 9, "object_id": "1", "object_repr": "qfomich", "action_flag": 2, "change_message": "[{\"changed\": {\"fields\": [\"Email\"]}}]"}}, {"model": "admin.logentry", "pk": 6, "fields": {"action_time": "2023-04-05T02:01:35.882Z", "user": 1, "content_type": 9, "object_id": "5", "object_repr": "Kris", "action_flag": 3, "change_message": ""}}, {"model": "admin.logentry", "pk": 7, "fields": {"action_time": "2023-04-05T02:10:20.985Z", "user": 1, "content_type": 9, "object_id": "6", "object_repr": "Kris", "action_flag": 3, "change_message": ""}}, {"model": "admin.logentry", "pk": 8, "fields": {"action_time": "2023-04-05T02:25:11.578Z", "user": 1, "content_type": 9, "object_id": "7", "object_repr": "Kris", "action_flag": 3, "change_message": ""}}, {"model": "admin.logentry", "pk": 9, "fields": {"action_time": "2023-04-05T02:33:41.547Z", "user": 1, "content_type": 9, "object_id": "9", "object_repr": "Sed", "action_flag": 3, "change_message": ""}}, {"model": "admin.logentry", "pk": 10, "fields": {"action_time": "2023-04-05T02:33:41.658Z", "user": 1, "content_type": 9, "object_id": "8", "object_repr": "Kris", "action_flag": 3, "change_message": ""}}, {"model": "admin.logentry", "pk": 11, "fields": {"action_time": "2023-04-05T02:35:51.987Z", "user": 1, "content_type": 9, "object_id": "10", "object_repr": "Kris", "action_flag": 3, "change_message": ""}}, {"model": "admin.logentry", "pk": 12, "fields": {"action_time": "2023-04-05T02:46:53.872Z", "user": 1, "content_type": 9, "object_id": "12", "object_repr": "Sed", "action_flag": 3, "change_message": ""}}, {"model": "admin.logentry", "pk": 13, "fields": {"action_time": "2023-04-05T02:46:53.922Z", "user": 1, "content_type": 9, "object_id": "11", "object_repr": "Kris", "action_flag": 3, "change_message": ""}}, {"model": "admin.logentry", "pk": 14, "fields": {"action_time": "2023-04-06T08:28:37.339Z", "user": 1, "content_type": 6, "object_id": "1", "object_repr": "Бейби", "action_flag": 2, "change_message": "[{\"changed\": {\"fields\": [\"\\u041a\\u043e\\u043b\\u0438\\u0447\\u0435\\u0441\\u0442\\u0432\\u043e\"]}}]"}}, {"model": "admin.logentry", "pk": 15, "fields": {"action_time": "2023-04-06T08:28:37.529Z", "user": 1, "content_type": 6, "object_id": "2", "object_repr": "Гном", "action_flag": 2, "change_message": "[{\"changed\": {\"fields\": [\"\\u041a\\u043e\\u043b\\u0438\\u0447\\u0435\\u0441\\u0442\\u0432\\u043e\"]}}]"}}, {"model": "admin.logentry", "pk": 16, "fields": {"action_time": "2023-04-07T04:30:10.199Z", "user": 1, "content_type": 6, "object_id": "2", "object_repr": "Гном", "action_flag": 2, "change_message": "[{\"changed\": {\"fields\": [\"\\u0413\\u043b\\u0430\\u0432\\u043d\\u043e\\u0435 \\u0438\\u0437\\u043e\\u0431\\u0440\\u0430\\u0436\\u0435\\u043d\\u0438\\u0435\"]}}, {\"added\": {\"name\": \"\\u0418\\u0437\\u043e\\u0431\\u0440\\u0430\\u0436\\u0435\\u043d\\u0438\\u0435\", \"object\": \"ProductImage object (5)\"}}, {\"added\": {\"name\": \"\\u0418\\u0437\\u043e\\u0431\\u0440\\u0430\\u0436\\u0435\\u043d\\u0438\\u0435\", \"object\": \"ProductImage object (6)\"}}]"}}, {"model": "admin.logentry", "pk": 17, "fields": {"action_time": "2023-04-07T04:30:57.929Z", "user": 1, "content_type": 6, "object_id": "1", "object_repr": "Бейби", "action_flag": 2, "change_message": "[{\"changed\": {\"fields\": [\"\\u041a\\u043e\\u043b\\u0438\\u0447\\u0435\\u0441\\u0442\\u0432\\u043e\"]}}]"}}, {"model": "admin.logentry", "pk": 18, "fields": {"action_time": "2023-04-07T04:30:57.946Z", "user": 1, "content_type": 6, "object_id": "2", "object_repr": "Гном", "action_flag": 2, "change_message": "[{\"changed\": {\"fields\": [\"\\u041a\\u043e\\u043b\\u0438\\u0447\\u0435\\u0441\\u0442\\u0432\\u043e\"]}}]"}}, {"model": "admin.logentry", "pk": 19, "fields": {"action_time": "2023-04-07T04:31:42.127Z", "user": 1, "content_type": 6, "object_id": "1", "object_repr": "Бейби", "action_flag": 2, "change_message": "[{\"changed\": {\"fields\": [\"\\u041a\\u043e\\u043b\\u0438\\u0447\\u0435\\u0441\\u0442\\u0432\\u043e\"]}}]"}}, {"model": "admin.logentry", "pk": 20, "fields": {"action_time": "2023-04-09T19:19:10.942Z", "user": 1, "content_type": 11, "object_id": "5", "object_repr": "qfomich - Бейби", "action_flag": 2, "change_message": "[{\"changed\": {\"fields\": [\"\\u0421\\u043e\\u043e\\u0431\\u0449\\u0435\\u043d\\u0438\\u0435\"]}}]"}}, {"model": "admin.logentry", "pk": 21, "fields": {"action_time": "2023-04-10T11:35:30.504Z", "user": 1, "content_type": 11, "object_id": "6", "object_repr": "qfomich - Бейби", "action_flag": 3, "change_message": ""}}, {"model": "admin.logentry", "pk": 22, "fields": {"action_time": "2023-04-10T11:35:30.663Z", "user": 1, "content_type": 11, "object_id": "5", "object_repr": "qfomich - Бейби", "action_flag": 3, "change_message": ""}}, {"model": "admin.logentry", "pk": 23, "fields": {"action_time": "2023-04-10T11:35:30.671Z", "user": 1, "content_type": 11, "object_id": "4", "object_repr": "qfomich - Бейби", "action_flag": 3, "change_message": ""}}, {"model": "admin.logentry", "pk": 24, "fields": {"action_time": "2023-04-10T11:35:30.680Z", "user": 1, "content_type": 11, "object_id": "3", "object_repr": "qfomich - Бейби", "action_flag": 3, "change_message": ""}}, {"model": "admin.logentry", "pk": 25, "fields": {"action_time": "2023-04-10T11:35:30.688Z", "user": 1, "content_type": 11, "object_id": "2", "object_repr": "qfomich - Бейби", "action_flag": 3, "change_message": ""}}, {"model": "admin.logentry", "pk": 26, "fields": {"action_time": "2023-04-10T11:35:30.696Z", "user": 1, "content_type": 11, "object_id": "1", "object_repr": "qfomich - Бейби", "action_flag": 3, "change_message": ""}}, {"model": "admin.logentry", "pk": 27, "fields": {"action_time": "2023-04-10T15:52:01.353Z", "user": 1, "content_type": 11, "object_id": "8", "object_repr": "fet - Бейби", "action_flag": 2, "change_message": "[{\"changed\": {\"fields\": [\"\\u0420\\u0435\\u0439\\u0442\\u0438\\u043d\\u0433\"]}}]"}}, {"model": "admin.logentry", "pk": 28, "fields": {"action_time": "2023-04-10T15:52:11.652Z", "user": 1, "content_type": 11, "object_id": "7", "object_repr": "qfomich - Бейби", "action_flag": 2, "change_message": "[{\"changed\": {\"fields\": [\"\\u0420\\u0435\\u0439\\u0442\\u0438\\u043d\\u0433\"]}}]"}}, {"model": "admin.logentry", "pk": 29, "fields": {"action_time": "2023-04-10T16:42:14.972Z", "user": 1, "content_type": 11, "object_id": "14", "object_repr": "fet - Гном", "action_flag": 3, "change_message": ""}}, {"model": "admin.logentry", "pk": 30, "fields": {"action_time": "2023-04-10T16:42:15.035Z", "user": 1, "content_type": 11, "object_id": "13", "object_repr": "qfomich - Гном", "action_flag": 3, "change_message": ""}}, {"model": "admin.logentry", "pk": 31, "fields": {"action_time": "2023-04-12T21:06:49.725Z", "user": 1, "content_type": 18, "object_id": "4", "object_repr": "Order 4", "action_flag": 3, "change_message": ""}}, {"model": "admin.logentry", "pk": 32, "fields": {"action_time": "2023-04-12T21:06:49.890Z", "user": 1, "content_type": 18, "object_id": "3", "object_repr": "Order 3", "action_flag": 3, "change_message": ""}}, {"model": "admin.logentry", "pk": 33, "fields": {"action_time": "2023-04-12T21:06:49.910Z", "user": 1, "content_type": 18, "object_id": "2", "object_repr": "Order 2", "action_flag": 3, "change_message": ""}}, {"model": "admin.logentry", "pk": 34, "fields": {"action_time": "2023-04-13T22:50:09.637Z", "user": 1, "content_type": 18, "object_id": "1", "object_repr": "Order 1", "action_flag": 3, "change_message": ""}}, {"model": "admin.logentry", "pk": 35, "fields": {"action_time": "2023-04-13T22:50:22.284Z", "user": 1, "content_type": 18, "object_id": "5", "object_repr": "Order 5", "action_flag": 2, "change_message": "[{\"changed\": {\"fields\": [\"\\u0418\\u043d\\u0438\\u0446\\u0438\\u0430\\u0442\\u043e\\u0440\"]}}]"}}, {"model": "admin.logentry", "pk": 36, "fields": {"action_time": "2023-04-15T20:24:39.602Z", "user": 1, "content_type": 18, "object_id": "10", "object_repr": "Order 10", "action_flag": 3, "change_message": ""}}, {"model": "admin.logentry", "pk": 37, "fields": {"action_time": "2023-04-15T20:24:40.045Z", "user": 1, "content_type": 18, "object_id": "9", "object_repr": "Order 9", "action_flag": 3, "change_message": ""}}, {"model": "admin.logentry", "pk": 38, "fields": {"action_time": "2023-04-15T20:24:40.119Z", "user": 1, "content_type": 18, "object_id": "8", "object_repr": "Order 8", "action_flag": 3, "change_message": ""}}, {"model": "admin.logentry", "pk": 39, "fields": {"action_time": "2023-04-16T17:33:05.842Z", "user": 1, "content_type": 18, "object_id": "41", "object_repr": "Order 41", "action_flag": 3, "change_message": ""}}, {"model": "admin.logentry", "pk": 40, "fields": {"action_time": "2023-04-16T17:33:05.984Z", "user": 1, "content_type": 18, "object_id": "40", "object_repr": "Order 40", "action_flag": 3, "change_message": ""}}, {"model": "admin.logentry", "pk": 41, "fields": {"action_time": "2023-04-16T17:33:05.992Z", "user": 1, "content_type": 18, "object_id": "39", "object_repr": "Order 39", "action_flag": 3, "change_message": ""}}, {"model": "admin.logentry", "pk": 42, "fields": {"action_time": "2023-04-16T17:33:06Z", "user": 1, "content_type": 18, "object_id": "38", "object_repr": "Order 38", "action_flag": 3, "change_message": ""}}, {"model": "admin.logentry", "pk": 43, "fields": {"action_time": "2023-04-16T17:33:06.008Z", "user": 1, "content_type": 18, "object_id": "37", "object_repr": "Order 37", "action_flag": 3, "change_message": ""}}, {"model": "admin.logentry", "pk": 44, "fields": {"action_time": "2023-04-16T17:33:06.017Z", "user": 1, "content_type": 18, "object_id": "36", "object_repr": "Order 36", "action_flag": 3, "change_message": ""}}, {"model": "admin.logentry", "pk": 45, "fields": {"action_time": "2023-04-16T17:33:06.025Z", "user": 1, "content_type": 18, "object_id": "35", "object_repr": "Order 35", "action_flag": 3, "change_message": ""}}, {"model": "admin.logentry", "pk": 46, "fields": {"action_time": "2023-04-16T17:33:06.033Z", "user": 1, "content_type": 18, "object_id": "34", "object_repr": "Order 34", "action_flag": 3, "change_message": ""}}, {"model": "admin.logentry", "pk": 47, "fields": {"action_time": "2023-04-16T17:33:06.042Z", "user": 1, "content_type": 18, "object_id": "33", "object_repr": "Order 33", "action_flag": 3, "change_message": ""}}, {"model": "admin.logentry", "pk": 48, "fields": {"action_time": "2023-04-16T17:33:06.050Z", "user": 1, "content_type": 18, "object_id": "32", "object_repr": "Order 32", "action_flag": 3, "change_message": ""}}, {"model": "admin.logentry", "pk": 49, "fields": {"action_time": "2023-04-16T17:33:06.058Z", "user": 1, "content_type": 18, "object_id": "31", "object_repr": "Order 31", "action_flag": 3, "change_message": ""}}, {"model": "admin.logentry", "pk": 50, "fields": {"action_time": "2023-04-16T17:33:06.067Z", "user": 1, "content_type": 18, "object_id": "30", "object_repr": "Order 30", "action_flag": 3, "change_message": ""}}, {"model": "admin.logentry", "pk": 51, "fields": {"action_time": "2023-04-16T17:33:06.075Z", "user": 1, "content_type": 18, "object_id": "29", "object_repr": "Order 29", "action_flag": 3, "change_message": ""}}, {"model": "admin.logentry", "pk": 52, "fields": {"action_time": "2023-04-16T17:33:06.083Z", "user": 1, "content_type": 18, "object_id": "28", "object_repr": "Order 28", "action_flag": 3, "change_message": ""}}, {"model": "admin.logentry", "pk": 53, "fields": {"action_time": "2023-04-16T17:33:06.092Z", "user": 1, "content_type": 18, "object_id": "27", "object_repr": "Order 27", "action_flag": 3, "change_message": ""}}, {"model": "admin.logentry", "pk": 54, "fields": {"action_time": "2023-04-16T17:33:06.100Z", "user": 1, "content_type": 18, "object_id": "26", "object_repr": "Order 26", "action_flag": 3, "change_message": ""}}, {"model": "admin.logentry", "pk": 55, "fields": {"action_time": "2023-04-16T17:33:06.108Z", "user": 1, "content_type": 18, "object_id": "25", "object_repr": "Order 25", "action_flag": 3, "change_message": ""}}, {"model": "admin.logentry", "pk": 56, "fields": {"action_time": "2023-04-16T17:33:06.117Z", "user": 1, "content_type": 18, "object_id": "24", "object_repr": "Order 24", "action_flag": 3, "change_message": ""}}, {"model": "admin.logentry", "pk": 57, "fields": {"action_time": "2023-04-16T17:33:06.125Z", "user": 1, "content_type": 18, "object_id": "23", "object_repr": "Order 23", "action_flag": 3, "change_message": ""}}, {"model": "admin.logentry", "pk": 58, "fields": {"action_time": "2023-04-16T17:33:06.133Z", "user": 1, "content_type": 18, "object_id": "22", "object_repr": "Order 22", "action_flag": 3, "change_message": ""}}, {"model": "admin.logentry", "pk": 59, "fields": {"action_time": "2023-04-16T17:33:06.142Z", "user": 1, "content_type": 18, "object_id": "21", "object_repr": "Order 21", "action_flag": 3, "change_message": ""}}, {"model": "admin.logentry", "pk": 60, "fields": {"action_time": "2023-04-16T17:33:06.150Z", "user": 1, "content_type": 18, "object_id": "20", "object_repr": "Order 20", "action_flag": 3, "change_message": ""}}, {"model": "admin.logentry", "pk": 61, "fields": {"action_time": "2023-04-16T17:33:06.158Z", "user": 1, "content_type": 18, "object_id": "19", "object_repr": "Order 19", "action_flag": 3, "change_message": ""}}, {"model": "admin.logentry", "pk": 62, "fields": {"action_time": "2023-04-16T17:33:06.167Z", "user": 1, "content_type": 18, "object_id": "18", "object_repr": "Order 18", "action_flag": 3, "change_message": ""}}, {"model": "admin.logentry", "pk": 63, "fields": {"action_time": "2023-04-16T17:33:06.175Z", "user": 1, "content_type": 18, "object_id": "17", "object_repr": "Order 17", "action_flag": 3, "change_message": ""}}, {"model": "admin.logentry", "pk": 64, "fields": {"action_time": "2023-04-16T17:33:06.183Z", "user": 1, "content_type": 18, "object_id": "16", "object_repr": "Order 16", "action_flag": 3, "change_message": ""}}, {"model": "admin.logentry", "pk": 65, "fields": {"action_time": "2023-04-16T17:33:06.192Z", "user": 1, "content_type": 18, "object_id": "15", "object_repr": "Order 15", "action_flag": 3, "change_message": ""}}, {"model": "admin.logentry", "pk": 66, "fields": {"action_time": "2023-04-16T17:33:06.200Z", "user": 1, "content_type": 18, "object_id": "14", "object_repr": "Order 14", "action_flag": 3, "change_message": ""}}, {"model": "admin.logentry", "pk": 67, "fields": {"action_time": "2023-04-16T17:33:06.208Z", "user": 1, "content_type": 18, "object_id": "13", "object_repr": "Order 13", "action_flag": 3, "change_message": ""}}, {"model": "admin.logentry", "pk": 68, "fields": {"action_time": "2023-04-16T17:33:06.217Z", "user": 1, "content_type": 18, "object_id": "12", "object_repr": "Order 12", "action_flag": 3, "change_message": ""}}, {"model": "admin.logentry", "pk": 69, "fields": {"action_time": "2023-04-16T17:33:06.225Z", "user": 1, "content_type": 18, "object_id": "11", "object_repr": "Order 11", "action_flag": 3, "change_message": ""}}, {"model": "admin.logentry", "pk": 70, "fields": {"action_time": "2023-04-16T17:33:06.233Z", "user": 1, "content_type": 18, "object_id": "7", "object_repr": "Order 7", "action_flag": 3, "change_message": ""}}, {"model": "admin.logentry", "pk": 71, "fields": {"action_time": "2023-04-16T17:33:06.242Z", "user": 1, "content_type": 18, "object_id": "6", "object_repr": "Order 6", "action_flag": 3, "change_message": ""}}, {"model": "admin.logentry", "pk": 72, "fields": {"action_time": "2023-04-16T17:33:06.250Z", "user": 1, "content_type": 18, "object_id": "5", "object_repr": "Order 5", "action_flag": 3, "change_message": ""}}, {"model": "admin.logentry", "pk": 73, "fields": {"action_time": "2023-04-16T17:51:28.064Z", "user": 1, "content_type": 6, "object_id": "1", "object_repr": "Бейби", "action_flag": 2, "change_message": "[{\"changed\": {\"fields\": [\"\\u041a\\u043e\\u043b\\u0438\\u0447\\u0435\\u0441\\u0442\\u0432\\u043e\"]}}]"}}, {"model": "admin.logentry", "pk": 74, "fields": {"action_time": "2023-04-16T17:51:28.079Z", "user": 1, "content_type": 6, "object_id": "2", "object_repr": "Гном", "action_flag": 2, "change_message": "[{\"changed\": {\"fields\": [\"\\u041a\\u043e\\u043b\\u0438\\u0447\\u0435\\u0441\\u0442\\u0432\\u043e\"]}}]"}}, {"model": "admin.logentry", "pk": 75, "fields": {"action_time": "2023-04-17T14:39:55.527Z", "user": 1, "content_type": 6, "object_id": "1", "object_repr": "Бейби", "action_flag": 2, "change_message": "[{\"changed\": {\"fields\": [\"\\u041a\\u043e\\u043b\\u0438\\u0447\\u0435\\u0441\\u0442\\u0432\\u043e\"]}}]"}}, {"model": "admin.logentry", "pk": 76, "fields": {"action_time": "2023-04-17T14:39:55.695Z", "user": 1, "content_type": 6, "object_id": "2", "object_repr": "Гном", "action_flag": 2, "change_message": "[{\"changed\": {\"fields\": [\"\\u041a\\u043e\\u043b\\u0438\\u0447\\u0435\\u0441\\u0442\\u0432\\u043e\"]}}]"}}, {"model": "admin.logentry", "pk": 77, "fields": {"action_time": "2023-04-17T23:50:10.195Z", "user": 1, "content_type": 19, "object_id": "1", "object_repr": "test1", "action_flag": 1, "change_message": "[{\"added\": {}}]"}}, {"model": "admin.logentry", "pk": 78, "fields": {"action_time": "2023-04-18T16:57:43.082Z", "user": 1, "content_type": 19, "object_id": "2", "object_repr": "test2", "action_flag": 1, "change_message": "[{\"added\": {}}]"}}, {"model": "admin.logentry", "pk": 79, "fields": {"action_time": "2023-04-18T17:00:46.452Z", "user": 1, "content_type": 19, "object_id": "1", "object_repr": "test1", "action_flag": 3, "change_message": ""}}, {"model": "admin.logentry", "pk": 80, "fields": {"action_time": "2023-04-18T17:01:07.716Z", "user": 1, "content_type": 19, "object_id": "2", "object_repr": "test2", "action_flag": 2, "change_message": "[{\"deleted\": {\"name\": \"users used coupon\", \"object\": \"UsersUsedCoupon object (None)\"}}]"}}, {"model": "admin.logentry", "pk": 81, "fields": {"action_time": "2023-04-18T17:01:34.212Z", "user": 1, "content_type": 19, "object_id": "3", "object_repr": "test1", "action_flag": 1, "change_message": "[{\"added\": {}}]"}}, {"model": "admin.logentry", "pk": 82, "fields": {"action_time": "2023-04-18T17:01:56.130Z", "user": 1, "content_type": 19, "object_id": "3", "object_repr": "test1", "action_flag": 2, "change_message": "[{\"added\": {\"name\": \"users used coupon\", \"object\": \"UsersUsedCoupon object (4)\"}}, {\"added\": {\"name\": \"users used coupon\", \"object\": \"UsersUsedCoupon object (5)\"}}]"}}, {"model": "admin.logentry", "pk": 83, "fields": {"action_time": "2023-04-18T17:05:08.821Z", "user": 1, "content_type": 19, "object_id": "2", "object_repr": "test2", "action_flag": 2, "change_message": "[{\"added\": {\"name\": \"users used coupon\", \"object\": \"UsersUsedCoupon object (6)\"}}]"}}, {"model": "admin.logentry", "pk": 84, "fields": {"action_time": "2023-04-18T17:10:27.200Z", "user": 1, "content_type": 19, "object_id": "3", "object_repr": "test1", "action_flag": 2, "change_message": "[{\"deleted\": {\"name\": \"users used coupon\", \"object\": \"UsersUsedCoupon object (None)\"}}, {\"deleted\": {\"name\": \"users used coupon\", \"object\": \"UsersUsedCoupon object (None)\"}}]"}}, {"model": "admin.logentry", "pk": 85, "fields": {"action_time": "2023-04-18T17:10:35.405Z", "user": 1, "content_type": 19, "object_id": "2", "object_repr": "test2", "action_flag": 2, "change_message": "[{\"deleted\": {\"name\": \"users used coupon\", \"object\": \"UsersUsedCoupon object (None)\"}}]"}}, {"model": "admin.logentry", "pk": 86, "fields": {"action_time": "2023-04-18T17:17:42.384Z", "user": 1, "content_type": 19, "object_id": "3", "object_repr": "test1", "action_flag": 2, "change_message": "[{\"added\": {\"name\": \"users used coupon\", \"object\": \"UsersUsedCoupon object (7)\"}}]"}}, {"model": "admin.logentry", "pk": 87, "fields": {"action_time": "2023-04-18T17:17:48.109Z", "user": 1, "content_type": 19, "object_id": "2", "object_repr": "test2", "action_flag": 2, "change_message": "[{\"added\": {\"name\": \"users used coupon\", \"object\": \"UsersUsedCoupon object (8)\"}}]"}}, {"model": "admin.logentry", "pk": 88, "fields": {"action_time": "2023-04-18T17:32:42.481Z", "user": 1, "content_type": 19, "object_id": "3", "object_repr": "test1", "action_flag": 2, "change_message": "[{\"deleted\": {\"name\": \"users used coupon\", \"object\": \"UsersUsedCoupon object (None)\"}}]"}}, {"model": "admin.logentry", "pk": 89, "fields": {"action_time": "2023-04-18T17:32:46.313Z", "user": 1, "content_type": 19, "object_id": "2", "object_repr": "test2", "action_flag": 2, "change_message": "[{\"deleted\": {\"name\": \"users used coupon\", \"object\": \"UsersUsedCoupon object (None)\"}}]"}}, {"model": "admin.logentry", "pk": 90, "fields": {"action_time": "2023-04-19T00:19:07.431Z", "user": 1, "content_type": 19, "object_id": "3", "object_repr": "test1", "action_flag": 2, "change_message": "[{\"deleted\": {\"name\": \"users used coupon\", \"object\": \"UsersUsedCoupon object (None)\"}}, {\"deleted\": {\"name\": \"users used coupon\", \"object\": \"UsersUsedCoupon object (None)\"}}]"}}, {"model": "admin.logentry", "pk": 91, "fields": {"action_time": "2023-04-19T00:19:13.028Z", "user": 1, "content_type": 19, "object_id": "2", "object_repr": "test2", "action_flag": 2, "change_message": "[{\"deleted\": {\"name\": \"users used coupon\", \"object\": \"UsersUsedCoupon object (None)\"}}, {\"deleted\": {\"name\": \"users used coupon\", \"object\": \"UsersUsedCoupon object (None)\"}}]"}}, {"model": "admin.logentry", "pk": 92, "fields": {"action_time": "2023-04-19T00:19:26.207Z", "user": 1, "content_type": 6, "object_id": "1", "object_repr": "Бейби", "action_flag": 2, "change_message": "[{\"changed\": {\"fields\": [\"\\u041a\\u043e\\u043b\\u0438\\u0447\\u0435\\u0441\\u0442\\u0432\\u043e\"]}}]"}}, {"model": "admin.logentry", "pk": 93, "fields": {"action_time": "2023-04-19T00:19:26.222Z", "user": 1, "content_type": 6, "object_id": "2", "object_repr": "Гном", "action_flag": 2, "change_message": "[{\"changed\": {\"fields\": [\"\\u041a\\u043e\\u043b\\u0438\\u0447\\u0435\\u0441\\u0442\\u0432\\u043e\"]}}]"}}, {"model": "admin.logentry", "pk": 94, "fields": {"action_time": "2023-04-19T01:49:29.386Z", "user": 1, "content_type": 19, "object_id": "3", "object_repr": "test1", "action_flag": 2, "change_message": "[{\"deleted\": {\"name\": \"users used coupon\", \"object\": \"UsersUsedCoupon object (None)\"}}, {\"deleted\": {\"name\": \"users used coupon\", \"object\": \"UsersUsedCoupon object (None)\"}}]"}}, {"model": "admin.logentry", "pk": 95, "fields": {"action_time": "2023-04-19T01:49:35.714Z", "user": 1, "content_type": 19, "object_id": "2", "object_repr": "test2", "action_flag": 2, "change_message": "[{\"deleted\": {\"name\": \"users used coupon\", \"object\": \"UsersUsedCoupon object (None)\"}}]"}}, {"model": "admin.logentry", "pk": 96, "fields": {"action_time": "2023-04-19T01:49:48.350Z", "user": 1, "content_type": 6, "object_id": "1", "object_repr": "Бейби", "action_flag": 2, "change_message": "[{\"changed\": {\"fields\": [\"\\u041a\\u043e\\u043b\\u0438\\u0447\\u0435\\u0441\\u0442\\u0432\\u043e\"]}}]"}}, {"model": "admin.logentry", "pk": 97, "fields": {"action_time": "2023-04-19T01:49:48.370Z", "user": 1, "content_type": 6, "object_id": "2", "object_repr": "Гном", "action_flag": 2, "change_message": "[{\"changed\": {\"fields\": [\"\\u041a\\u043e\\u043b\\u0438\\u0447\\u0435\\u0441\\u0442\\u0432\\u043e\"]}}]"}}, {"model": "admin.logentry", "pk": 98, "fields": {"action_time": "2023-04-19T01:52:41.354Z", "user": 1, "content_type": 19, "object_id": "3", "object_repr": "test1", "action_flag": 2, "change_message": "[{\"deleted\": {\"name\": \"users used coupon\", \"object\": \"UsersUsedCoupon object (None)\"}}]"}}, {"model": "admin.logentry", "pk": 99, "fields": {"action_time": "2023-04-19T01:52:47.738Z", "user": 1, "content_type": 19, "object_id": "2", "object_repr": "test2", "action_flag": 2, "change_message": "[{\"deleted\": {\"name\": \"users used coupon\", \"object\": \"UsersUsedCoupon object (None)\"}}]"}}, {"model": "admin.logentry", "pk": 100, "fields": {"action_time": "2023-04-19T02:11:45.488Z", "user": 1, "content_type": 19, "object_id": "3", "object_repr": "test1", "action_flag": 2, "change_message": "[{\"deleted\": {\"name\": \"users used coupon\", \"object\": \"UsersUsedCoupon object (None)\"}}]"}}, {"model": "admin.logentry", "pk": 101, "fields": {"action_time": "2023-04-19T02:11:51.428Z", "user": 1, "content_type": 19, "object_id": "2", "object_repr": "test2", "action_flag": 2, "change_message": "[{\"deleted\": {\"name\": \"users used coupon\", \"object\": \"UsersUsedCoupon object (None)\"}}]"}}, {"model": "admin.logentry", "pk": 102, "fields": {"action_time": "2023-04-19T15:44:18.435Z", "user": 1, "content_type": 19, "object_id": "3", "object_repr": "test1", "action_flag": 2, "change_message": "[{\"deleted\": {\"name\": \"users used coupon\", \"object\": \"UsersUsedCoupon object (None)\"}}]"}}, {"model": "admin.logentry", "pk": 103, "fields": {"action_time": "2023-04-19T15:44:23.704Z", "user": 1, "content_type": 19, "object_id": "2", "object_repr": "test2", "action_flag": 2, "change_message": "[{\"deleted\": {\"name\": \"users used coupon\", \"object\": \"UsersUsedCoupon object (None)\"}}]"}}, {"model": "admin.logentry", "pk": 104, "fields": {"action_time": "2023-04-19T16:10:25.958Z", "user": 1, "content_type": 19, "object_id": "3", "object_repr": "test1", "action_flag": 2, "change_message": "[{\"deleted\": {\"name\": \"users used coupon\", \"object\": \"UsersUsedCoupon object (None)\"}}]"}}, {"model": "admin.logentry", "pk": 105, "fields": {"action_time": "2023-04-19T16:10:31.927Z", "user": 1, "content_type": 19, "object_id": "2", "object_repr": "test2", "action_flag": 2, "change_message": "[{\"deleted\": {\"name\": \"users used coupon\", \"object\": \"UsersUsedCoupon object (None)\"}}]"}}, {"model": "admin.logentry", "pk": 106, "fields": {"action_time": "2023-04-19T16:22:19.303Z", "user": 1, "content_type": 19, "object_id": "3", "object_repr": "test1", "action_flag": 2, "change_message": "[{\"deleted\": {\"name\": \"users used coupon\", \"object\": \"UsersUsedCoupon object (None)\"}}]"}}, {"model": "admin.logentry", "pk": 107, "fields": {"action_time": "2023-04-19T16:22:22.928Z", "user": 1, "content_type": 19, "object_id": "2", "object_repr": "test2", "action_flag": 2, "change_message": "[{\"deleted\": {\"name\": \"users used coupon\", \"object\": \"UsersUsedCoupon object (None)\"}}]"}}, {"model": "admin.logentry", "pk": 108, "fields": {"action_time": "2023-04-19T16:34:07.883Z", "user": 1, "content_type": 19, "object_id": "3", "object_repr": "test1", "action_flag": 2, "change_message": "[{\"deleted\": {\"name\": \"users used coupon\", \"object\": \"UsersUsedCoupon object (None)\"}}]"}}, {"model": "admin.logentry", "pk": 109, "fields": {"action_time": "2023-04-19T16:36:50.287Z", "user": 1, "content_type": 19, "object_id": "3", "object_repr": "test1", "action_flag": 2, "change_message": "[{\"deleted\": {\"name\": \"users used coupon\", \"object\": \"UsersUsedCoupon object (None)\"}}]"}}, {"model": "admin.logentry", "pk": 110, "fields": {"action_time": "2023-04-19T16:36:54.288Z", "user": 1, "content_type": 19, "object_id": "2", "object_repr": "test2", "action_flag": 2, "change_message": "[{\"deleted\": {\"name\": \"users used coupon\", \"object\": \"UsersUsedCoupon object (None)\"}}]"}}, {"model": "admin.logentry", "pk": 111, "fields": {"action_time": "2023-04-19T16:37:07.464Z", "user": 1, "content_type": 6, "object_id": "1", "object_repr": "Бейби", "action_flag": 2, "change_message": "[{\"changed\": {\"fields\": [\"\\u041a\\u043e\\u043b\\u0438\\u0447\\u0435\\u0441\\u0442\\u0432\\u043e\"]}}]"}}, {"model": "admin.logentry", "pk": 112, "fields": {"action_time": "2023-04-19T16:37:07.479Z", "user": 1, "content_type": 6, "object_id": "2", "object_repr": "Гном", "action_flag": 2, "change_message": "[{\"changed\": {\"fields\": [\"\\u041a\\u043e\\u043b\\u0438\\u0447\\u0435\\u0441\\u0442\\u0432\\u043e\"]}}]"}}, {"model": "admin.logentry", "pk": 113, "fields": {"action_time": "2023-04-19T16:39:30.256Z", "user": 1, "content_type": 19, "object_id": "3", "object_repr": "test1", "action_flag": 2, "change_message": "[{\"deleted\": {\"name\": \"users used coupon\", \"object\": \"UsersUsedCoupon object (None)\"}}]"}}, {"model": "admin.logentry", "pk": 114, "fields": {"action_time": "2023-04-19T16:39:33.873Z", "user": 1, "content_type": 19, "object_id": "2", "object_repr": "test2", "action_flag": 2, "change_message": "[{\"deleted\": {\"name\": \"users used coupon\", \"object\": \"UsersUsedCoupon object (None)\"}}]"}}, {"model": "admin.logentry", "pk": 115, "fields": {"action_time": "2023-04-27T08:36:00.234Z", "user": 1, "content_type": 9, "object_id": "18", "object_repr": "AdminUser", "action_flag": 3, "change_message": ""}}, {"model": "admin.logentry", "pk": 116, "fields": {"action_time": "2023-05-27T06:38:10.524Z", "user": 1, "content_type": 13, "object_id": "1", "object_repr": "Бейби", "action_flag": 2, "change_message": "[{\"changed\": {\"fields\": [\"Slug\"]}}]"}}, {"model": "admin.logentry", "pk": 117, "fields": {"action_time": "2023-05-27T12:36:06.094Z", "user": 1, "content_type": 21, "object_id": "12", "object_repr": "qfomich - Гном", "action_flag": 2, "change_message": "[{\"changed\": {\"fields\": [\"\\u0420\\u0435\\u0439\\u0442\\u0438\\u043d\\u0433\"]}}]"}}, {"model": "admin.logentry", "pk": 118, "fields": {"action_time": "2023-05-30T10:32:29.663Z", "user": 1, "content_type": 13, "object_id": "1", "object_repr": "Бейби", "action_flag": 2, "change_message": "[{\"changed\": {\"fields\": [\"\\u041a\\u0440\\u0430\\u0442\\u043a\\u043e\\u0435 \\u043e\\u043f\\u0438\\u0441\\u0430\\u043d\\u0438\\u0435\"]}}]"}}, {"model": "admin.logentry", "pk": 119, "fields": {"action_time": "2023-05-30T10:32:40.994Z", "user": 1, "content_type": 13, "object_id": "2", "object_repr": "Гном", "action_flag": 2, "change_message": "[{\"changed\": {\"fields\": [\"\\u041e\\u043f\\u0438\\u0441\\u0430\\u043d\\u0438\\u0435\", \"\\u041a\\u0440\\u0430\\u0442\\u043a\\u043e\\u0435 \\u043e\\u043f\\u0438\\u0441\\u0430\\u043d\\u0438\\u0435\"]}}]"}}, {"model": "admin.logentry", "pk": 120, "fields": {"action_time": "2023-05-30T11:48:28.636Z", "user": 1, "content_type": 13, "object_id": "1", "object_repr": "Бейби", "action_flag": 2, "change_message": "[{\"changed\": {\"fields\": [\"\\u041a\\u043e\\u043b\\u0438\\u0447\\u0435\\u0441\\u0442\\u0432\\u043e\"]}}]"}}, {"model": "admin.logentry", "pk": 121, "fields": {"action_time": "2023-05-30T11:48:28.640Z", "user": 1, "content_type": 13, "object_id": "2", "object_repr": "Гном", "action_flag": 2, "change_message": "[{\"changed\": {\"fields\": [\"\\u041a\\u043e\\u043b\\u0438\\u0447\\u0435\\u0441\\u0442\\u0432\\u043e\"]}}]"}}, {"model": "admin.logentry", "pk": 122, "fields": {"action_time": "2023-05-30T11:53:15.629Z", "user": 1, "content_type": 24, "object_id": "3", "object_repr": "test1", "action_flag": 2, "change_message": "[{\"changed\": {\"fields\": [\"\\u0414\\u0435\\u0439\\u0441\\u0442\\u0432\\u0443\\u0435\\u0442 \\u043e\\u0442\", \"\\u0414\\u0435\\u0439\\u0441\\u0442\\u0432\\u0443\\u0435\\u0442 \\u0434\\u043e\"]}}]"}}, {"model": "admin.logentry", "pk": 123, "fields": {"action_time": "2023-05-30T11:53:50.553Z", "user": 1, "content_type": 24, "object_id": "3", "object_repr": "test1", "action_flag": 2, "change_message": "[]"}}, {"model": "admin.logentry", "pk": 124, "fields": {"action_time": "2023-05-30T11:57:09.252Z", "user": 1, "content_type": 24, "object_id": "3", "object_repr": "test1", "action_flag": 2, "change_message": "[{\"deleted\": {\"name\": \"users used coupon\", \"object\": \"UsersUsedCoupon object (None)\"}}]"}}, {"model": "admin.logentry", "pk": 125, "fields": {"action_time": "2023-05-30T11:57:16.218Z", "user": 1, "content_type": 24, "object_id": "2", "object_repr": "test2", "action_flag": 2, "change_message": "[{\"deleted\": {\"name\": \"users used coupon\", \"object\": \"UsersUsedCoupon object (None)\"}}]"}}, {"model": "admin.logentry", "pk": 126, "fields": {"action_time": "2023-05-30T12:00:02.562Z", "user": 1, "content_type": 24, "object_id": "2", "object_repr": "test2", "action_flag": 2, "change_message": "[{\"changed\": {\"fields\": [\"\\u0414\\u0435\\u0439\\u0441\\u0442\\u0432\\u0443\\u0435\\u0442 \\u043e\\u0442\", \"\\u0414\\u0435\\u0439\\u0441\\u0442\\u0432\\u0443\\u0435\\u0442 \\u0434\\u043e\"]}}]"}}, {"model": "admin.logentry", "pk": 127, "fields": {"action_time": "2023-05-30T12:06:55.824Z", "user": 1, "content_type": 24, "object_id": "3", "object_repr": "test1", "action_flag": 2, "change_message": "[{\"changed\": {\"fields\": [\"\\u0414\\u0435\\u0439\\u0441\\u0442\\u0432\\u0443\\u0435\\u0442 \\u043e\\u0442\"]}}]"}}, {"model": "admin.logentry", "pk": 128, "fields": {"action_time": "2023-06-23T15:36:47.150Z", "user": 1, "content_type": 13, "object_id": "1", "object_repr": "Бейби", "action_flag": 2, "change_message": "[{\"changed\": {\"fields\": [\"\\u041a\\u043e\\u043b\\u0438\\u0447\\u0435\\u0441\\u0442\\u0432\\u043e\"]}}]"}}, {"model": "admin.logentry", "pk": 129, "fields": {"action_time": "2023-06-23T15:36:47.155Z", "user": 1, "content_type": 13, "object_id": "2", "object_repr": "Гном", "action_flag": 2, "change_message": "[{\"changed\": {\"fields\": [\"\\u041a\\u043e\\u043b\\u0438\\u0447\\u0435\\u0441\\u0442\\u0432\\u043e\"]}}]"}}, {"model": "admin.logentry", "pk": 130, "fields": {"action_time": "2023-06-25T12:27:16.876Z", "user": 1, "content_type": 13, "object_id": "3", "object_repr": "Кукла", "action_flag": 1, "change_message": "[{\"added\": {}}, {\"added\": {\"name\": \"\\u0418\\u0437\\u043e\\u0431\\u0440\\u0430\\u0436\\u0435\\u043d\\u0438\\u0435\", \"object\": \"ProductImage object (7)\"}}]"}}, {"model": "admin.logentry", "pk": 131, "fields": {"action_time": "2023-06-25T12:30:51.460Z", "user": 1, "content_type": 21, "object_id": "22", "object_repr": "qfomich - Кукла", "action_flag": 1, "change_message": "[{\"added\": {}}]"}}, {"model": "admin.logentry", "pk": 132, "fields": {"action_time": "2023-06-25T12:32:17.592Z", "user": 1, "content_type": 13, "object_id": "4", "object_repr": "Животное", "action_flag": 1, "change_message": "[{\"added\": {}}]"}}, {"model": "admin.logentry", "pk": 133, "fields": {"action_time": "2023-06-25T12:32:38.850Z", "user": 1, "content_type": 13, "object_id": "4", "object_repr": "Животное", "action_flag": 2, "change_message": "[{\"changed\": {\"fields\": [\"\\u0413\\u043b\\u0430\\u0432\\u043d\\u043e\\u0435 \\u0438\\u0437\\u043e\\u0431\\u0440\\u0430\\u0436\\u0435\\u043d\\u0438\\u0435\"]}}]"}}, {"model": "admin.logentry", "pk": 134, "fields": {"action_time": "2023-06-25T12:32:50.629Z", "user": 1, "content_type": 13, "object_id": "4", "object_repr": "Волк", "action_flag": 2, "change_message": "[{\"changed\": {\"fields\": [\"\\u041d\\u0430\\u0438\\u043c\\u0435\\u043d\\u043e\\u0432\\u0430\\u043d\\u0438\\u0435\"]}}]"}}, {"model": "admin.logentry", "pk": 135, "fields": {"action_time": "2023-06-25T12:33:21.486Z", "user": 1, "content_type": 21, "object_id": "23", "object_repr": "fet - Волк", "action_flag": 1, "change_message": "[{\"added\": {}}]"}}, {"model": "admin.logentry", "pk": 136, "fields": {"action_time": "2023-07-29T15:06:28.526Z", "user": 1, "content_type": 13, "object_id": "5", "object_repr": "Кукла2", "action_flag": 1, "change_message": "[{\"added\": {}}, {\"added\": {\"name\": \"\\u0418\\u0437\\u043e\\u0431\\u0440\\u0430\\u0436\\u0435\\u043d\\u0438\\u0435\", \"object\": \"ProductImage object (8)\"}}]"}}, {"model": "admin.logentry", "pk": 137, "fields": {"action_time": "2023-07-29T15:36:09.317Z", "user": 1, "content_type": 13, "object_id": "4", "object_repr": "Волк", "action_flag": 3, "change_message": ""}}, {"model": "admin.logentry", "pk": 138, "fields": {"action_time": "2023-07-29T15:36:09.323Z", "user": 1, "content_type": 13, "object_id": "3", "object_repr": "Кукла", "action_flag": 3, "change_message": ""}}, {"model": "admin.logentry", "pk": 139, "fields": {"action_time": "2023-07-29T15:36:09.325Z", "user": 1, "content_type": 13, "object_id": "5", "object_repr": "Кукла2", "action_flag": 3, "change_message": ""}}, {"model": "admin.logentry", "pk": 140, "fields": {"action_time": "2023-07-29T17:37:01.750Z", "user": 1, "content_type": 16, "object_id": "21", "object_repr": "admin", "action_flag": 1, "change_message": "[{\"added\": {}}]"}}, {"model": "admin.logentry", "pk": 141, "fields": {"action_time": "2023-07-29T17:38:24.828Z", "user": 1, "content_type": 16, "object_id": "21", "object_repr": "admin", "action_flag": 3, "change_message": ""}}, {"model": "auth.permission", "pk": 1, "fields": {"name": "Can add log entry", "content_type": 1, "codename": "add_logentry"}}, {"model": "auth.permission", "pk": 2, "fields": {"name": "Can change log entry", "content_type": 1, "codename": "change_logentry"}}, {"model": "auth.permission", "pk": 3, "fields": {"name": "Can delete log entry", "content_type": 1, "codename": "delete_logentry"}}, {"model": "auth.permission", "pk": 4, "fields": {"name": "Can view log entry", "content_type": 1, "codename": "view_logentry"}}, {"model": "auth.permission", "pk": 5, "fields": {"name": "Can add permission", "content_type": 2, "codename": "add_permission"}}, {"model": "auth.permission", "pk": 6, "fields": {"name": "Can change permission", "content_type": 2, "codename": "change_permission"}}, {"model": "auth.permission", "pk": 7, "fields": {"name": "Can delete permission", "content_type": 2, "codename": "delete_permission"}}, {"model": "auth.permission", "pk": 8, "fields": {"name": "Can view permission", "content_type": 2, "codename": "view_permission"}}, {"model": "auth.permission", "pk": 9, "fields": {"name": "Can add group", "content_type": 3, "codename": "add_group"}}, {"model": "auth.permission", "pk": 10, "fields": {"name": "Can change group", "content_type": 3, "codename": "change_group"}}, {"model": "auth.permission", "pk": 11, "fields": {"name": "Can delete group", "content_type": 3, "codename": "delete_group"}}, {"model": "auth.permission", "pk": 12, "fields": {"name": "Can view group", "content_type": 3, "codename": "view_group"}}, {"model": "auth.permission", "pk": 13, "fields": {"name": "Can add content type", "content_type": 4, "codename": "add_contenttype"}}, {"model": "auth.permission", "pk": 14, "fields": {"name": "Can change content type", "content_type": 4, "codename": "change_contenttype"}}, {"model": "auth.permission", "pk": 15, "fields": {"name": "Can delete content type", "content_type": 4, "codename": "delete_contenttype"}}, {"model": "auth.permission", "pk": 16, "fields": {"name": "Can view content type", "content_type": 4, "codename": "view_contenttype"}}, {"model": "auth.permission", "pk": 17, "fields": {"name": "Can add session", "content_type": 5, "codename": "add_session"}}, {"model": "auth.permission", "pk": 18, "fields": {"name": "Can change session", "content_type": 5, "codename": "change_session"}}, {"model": "auth.permission", "pk": 19, "fields": {"name": "Can delete session", "content_type": 5, "codename": "delete_session"}}, {"model": "auth.permission", "pk": 20, "fields": {"name": "Can view session", "content_type": 5, "codename": "view_session"}}, {"model": "auth.permission", "pk": 21, "fields": {"name": "Can add Товар", "content_type": 6, "codename": "add_product"}}, {"model": "auth.permission", "pk": 22, "fields": {"name": "Can change Товар", "content_type": 6, "codename": "change_product"}}, {"model": "auth.permission", "pk": 23, "fields": {"name": "Can delete Товар", "content_type": 6, "codename": "delete_product"}}, {"model": "auth.permission", "pk": 24, "fields": {"name": "Can view Товар", "content_type": 6, "codename": "view_product"}}, {"model": "auth.permission", "pk": 25, "fields": {"name": "Can add Категория", "content_type": 7, "codename": "add_productcategory"}}, {"model": "auth.permission", "pk": 26, "fields": {"name": "Can change Категория", "content_type": 7, "codename": "change_productcategory"}}, {"model": "auth.permission", "pk": 27, "fields": {"name": "Can delete Категория", "content_type": 7, "codename": "delete_productcategory"}}, {"model": "auth.permission", "pk": 28, "fields": {"name": "Can view Категория", "content_type": 7, "codename": "view_productcategory"}}, {"model": "auth.permission", "pk": 29, "fields": {"name": "Can add Изображение", "content_type": 8, "codename": "add_productimage"}}, {"model": "auth.permission", "pk": 30, "fields": {"name": "Can change Изображение", "content_type": 8, "codename": "change_productimage"}}, {"model": "auth.permission", "pk": 31, "fields": {"name": "Can delete Изображение", "content_type": 8, "codename": "delete_productimage"}}, {"model": "auth.permission", "pk": 32, "fields": {"name": "Can view Изображение", "content_type": 8, "codename": "view_productimage"}}, {"model": "auth.permission", "pk": 33, "fields": {"name": "Can add user", "content_type": 9, "codename": "add_user"}}, {"model": "auth.permission", "pk": 34, "fields": {"name": "Can change user", "content_type": 9, "codename": "change_user"}}, {"model": "auth.permission", "pk": 35, "fields": {"name": "Can delete user", "content_type": 9, "codename": "delete_user"}}, {"model": "auth.permission", "pk": 36, "fields": {"name": "Can view user", "content_type": 9, "codename": "view_user"}}, {"model": "auth.permission", "pk": 37, "fields": {"name": "Can add email verification", "content_type": 10, "codename": "add_emailverification"}}, {"model": "auth.permission", "pk": 38, "fields": {"name": "Can change email verification", "content_type": 10, "codename": "change_emailverification"}}, {"model": "auth.permission", "pk": 39, "fields": {"name": "Can delete email verification", "content_type": 10, "codename": "delete_emailverification"}}, {"model": "auth.permission", "pk": 40, "fields": {"name": "Can view email verification", "content_type": 10, "codename": "view_emailverification"}}, {"model": "auth.permission", "pk": 41, "fields": {"name": "Can add Отзыв", "content_type": 11, "codename": "add_reviews"}}, {"model": "auth.permission", "pk": 42, "fields": {"name": "Can change Отзыв", "content_type": 11, "codename": "change_reviews"}}, {"model": "auth.permission", "pk": 43, "fields": {"name": "Can delete Отзыв", "content_type": 11, "codename": "delete_reviews"}}, {"model": "auth.permission", "pk": 44, "fields": {"name": "Can view Отзыв", "content_type": 11, "codename": "view_reviews"}}, {"model": "auth.permission", "pk": 45, "fields": {"name": "Can add association", "content_type": 12, "codename": "add_association"}}, {"model": "auth.permission", "pk": 46, "fields": {"name": "Can change association", "content_type": 12, "codename": "change_association"}}, {"model": "auth.permission", "pk": 47, "fields": {"name": "Can delete association", "content_type": 12, "codename": "delete_association"}}, {"model": "auth.permission", "pk": 48, "fields": {"name": "Can view association", "content_type": 12, "codename": "view_association"}}, {"model": "auth.permission", "pk": 49, "fields": {"name": "Can add code", "content_type": 13, "codename": "add_code"}}, {"model": "auth.permission", "pk": 50, "fields": {"name": "Can change code", "content_type": 13, "codename": "change_code"}}, {"model": "auth.permission", "pk": 51, "fields": {"name": "Can delete code", "content_type": 13, "codename": "delete_code"}}, {"model": "auth.permission", "pk": 52, "fields": {"name": "Can view code", "content_type": 13, "codename": "view_code"}}, {"model": "auth.permission", "pk": 53, "fields": {"name": "Can add nonce", "content_type": 14, "codename": "add_nonce"}}, {"model": "auth.permission", "pk": 54, "fields": {"name": "Can change nonce", "content_type": 14, "codename": "change_nonce"}}, {"model": "auth.permission", "pk": 55, "fields": {"name": "Can delete nonce", "content_type": 14, "codename": "delete_nonce"}}, {"model": "auth.permission", "pk": 56, "fields": {"name": "Can view nonce", "content_type": 14, "codename": "view_nonce"}}, {"model": "auth.permission", "pk": 57, "fields": {"name": "Can add user social auth", "content_type": 15, "codename": "add_usersocialauth"}}, {"model": "auth.permission", "pk": 58, "fields": {"name": "Can change user social auth", "content_type": 15, "codename": "change_usersocialauth"}}, {"model": "auth.permission", "pk": 59, "fields": {"name": "Can delete user social auth", "content_type": 15, "codename": "delete_usersocialauth"}}, {"model": "auth.permission", "pk": 60, "fields": {"name": "Can view user social auth", "content_type": 15, "codename": "view_usersocialauth"}}, {"model": "auth.permission", "pk": 61, "fields": {"name": "Can add partial", "content_type": 16, "codename": "add_partial"}}, {"model": "auth.permission", "pk": 62, "fields": {"name": "Can change partial", "content_type": 16, "codename": "change_partial"}}, {"model": "auth.permission", "pk": 63, "fields": {"name": "Can delete partial", "content_type": 16, "codename": "delete_partial"}}, {"model": "auth.permission", "pk": 64, "fields": {"name": "Can view partial", "content_type": 16, "codename": "view_partial"}}, {"model": "auth.permission", "pk": 65, "fields": {"name": "Can add order item", "content_type": 17, "codename": "add_orderitem"}}, {"model": "auth.permission", "pk": 66, "fields": {"name": "Can change order item", "content_type": 17, "codename": "change_orderitem"}}, {"model": "auth.permission", "pk": 67, "fields": {"name": "Can delete order item", "content_type": 17, "codename": "delete_orderitem"}}, {"model": "auth.permission", "pk": 68, "fields": {"name": "Can view order item", "content_type": 17, "codename": "view_orderitem"}}, {"model": "auth.permission", "pk": 69, "fields": {"name": "Can add Заказ", "content_type": 18, "codename": "add_order"}}, {"model": "auth.permission", "pk": 70, "fields": {"name": "Can change Заказ", "content_type": 18, "codename": "change_order"}}, {"model": "auth.permission", "pk": 71, "fields": {"name": "Can delete Заказ", "content_type": 18, "codename": "delete_order"}}, {"model": "auth.permission", "pk": 72, "fields": {"name": "Can view Заказ", "content_type": 18, "codename": "view_order"}}, {"model": "auth.permission", "pk": 73, "fields": {"name": "Can add coupon", "content_type": 19, "codename": "add_coupon"}}, {"model": "auth.permission", "pk": 74, "fields": {"name": "Can change coupon", "content_type": 19, "codename": "change_coupon"}}, {"model": "auth.permission", "pk": 75, "fields": {"name": "Can delete coupon", "content_type": 19, "codename": "delete_coupon"}}, {"model": "auth.permission", "pk": 76, "fields": {"name": "Can view coupon", "content_type": 19, "codename": "view_coupon"}}, {"model": "auth.permission", "pk": 77, "fields": {"name": "Can add users used coupon", "content_type": 20, "codename": "add_usersusedcoupon"}}, {"model": "auth.permission", "pk": 78, "fields": {"name": "Can change users used coupon", "content_type": 20, "codename": "change_usersusedcoupon"}}, {"model": "auth.permission", "pk": 79, "fields": {"name": "Can delete users used coupon", "content_type": 20, "codename": "delete_usersusedcoupon"}}, {"model": "auth.permission", "pk": 80, "fields": {"name": "Can view users used coupon", "content_type": 20, "codename": "view_usersusedcoupon"}}, {"model": "auth.permission", "pk": 81, "fields": {"name": "Can add session", "content_type": 21, "codename": "add_session"}}, {"model": "auth.permission", "pk": 82, "fields": {"name": "Can change session", "content_type": 21, "codename": "change_session"}}, {"model": "auth.permission", "pk": 83, "fields": {"name": "Can delete session", "content_type": 21, "codename": "delete_session"}}, {"model": "auth.permission", "pk": 84, "fields": {"name": "Can view session", "content_type": 21, "codename": "view_session"}}, {"model": "auth.permission", "pk": 85, "fields": {"name": "Can add Token", "content_type": 22, "codename": "add_token"}}, {"model": "auth.permission", "pk": 86, "fields": {"name": "Can change Token", "content_type": 22, "codename": "change_token"}}, {"model": "auth.permission", "pk": 87, "fields": {"name": "Can delete Token", "content_type": 22, "codename": "delete_token"}}, {"model": "auth.permission", "pk": 88, "fields": {"name": "Can view Token", "content_type": 22, "codename": "view_token"}}, {"model": "auth.permission", "pk": 89, "fields": {"name": "Can add token", "content_type": 23, "codename": "add_tokenproxy"}}, {"model": "auth.permission", "pk": 90, "fields": {"name": "Can change token", "content_type": 23, "codename": "change_tokenproxy"}}, {"model": "auth.permission", "pk": 91, "fields": {"name": "Can delete token", "content_type": 23, "codename": "delete_tokenproxy"}}, {"model": "auth.permission", "pk": 92, "fields": {"name": "Can view token", "content_type": 23, "codename": "view_tokenproxy"}}, {"model": "auth.permission", "pk": 93, "fields": {"name": "Can add cart", "content_type": 24, "codename": "add_cart"}}, {"model": "auth.permission", "pk": 94, "fields": {"name": "Can change cart", "content_type": 24, "codename": "change_cart"}}, {"model": "auth.permission", "pk": 95, "fields": {"name": "Can delete cart", "content_type": 24, "codename": "delete_cart"}}, {"model": "auth.permission", "pk": 96, "fields": {"name": "Can view cart", "content_type": 24, "codename": "view_cart"}}, {"model": "auth.permission", "pk": 97, "fields": {"name": "Can add favorites", "content_type": 25, "codename": "add_favorites"}}, {"model": "auth.permission", "pk": 98, "fields": {"name": "Can change favorites", "content_type": 25, "codename": "change_favorites"}}, {"model": "auth.permission", "pk": 99, "fields": {"name": "Can delete favorites", "content_type": 25, "codename": "delete_favorites"}}, {"model": "auth.permission", "pk": 100, "fields": {"name": "Can view favorites", "content_type": 25, "codename": "view_favorites"}}, {"model": "auth.permission", "pk": 101, "fields": {"name": "Can add association", "content_type": 6, "codename": "add_association"}}, {"model": "auth.permission", "pk": 102, "fields": {"name": "Can change association", "content_type": 6, "codename": "change_association"}}, {"model": "auth.permission", "pk": 103, "fields": {"name": "Can delete association", "content_type": 6, "codename": "delete_association"}}, {"model": "auth.permission", "pk": 104, "fields": {"name": "Can view association", "content_type": 6, "codename": "view_association"}}, {"model": "auth.permission", "pk": 105, "fields": {"name": "Can add code", "content_type": 7, "codename": "add_code"}}, {"model": "auth.permission", "pk": 106, "fields": {"name": "Can change code", "content_type": 7, "codename": "change_code"}}, {"model": "auth.permission", "pk": 107, "fields": {"name": "Can delete code", "content_type": 7, "codename": "delete_code"}}, {"model": "auth.permission", "pk": 108, "fields": {"name": "Can view code", "content_type": 7, "codename": "view_code"}}, {"model": "auth.permission", "pk": 109, "fields": {"name": "Can add nonce", "content_type": 8, "codename": "add_nonce"}}, {"model": "auth.permission", "pk": 110, "fields": {"name": "Can change nonce", "content_type": 8, "codename": "change_nonce"}}, {"model": "auth.permission", "pk": 111, "fields": {"name": "Can delete nonce", "content_type": 8, "codename": "delete_nonce"}}, {"model": "auth.permission", "pk": 112, "fields": {"name": "Can view nonce", "content_type": 8, "codename": "view_nonce"}}, {"model": "auth.permission", "pk": 113, "fields": {"name": "Can add user social auth", "content_type": 9, "codename": "add_usersocialauth"}}, {"model": "auth.permission", "pk": 114, "fields": {"name": "Can change user social auth", "content_type": 9, "codename": "change_usersocialauth"}}, {"model": "auth.permission", "pk": 115, "fields": {"name": "Can delete user social auth", "content_type": 9, "codename": "delete_usersocialauth"}}, {"model": "auth.permission", "pk": 116, "fields": {"name": "Can view user social auth", "content_type": 9, "codename": "view_usersocialauth"}}, {"model": "auth.permission", "pk": 117, "fields": {"name": "Can add partial", "content_type": 10, "codename": "add_partial"}}, {"model": "auth.permission", "pk": 118, "fields": {"name": "Can change partial", "content_type": 10, "codename": "change_partial"}}, {"model": "auth.permission", "pk": 119, "fields": {"name": "Can delete partial", "content_type": 10, "codename": "delete_partial"}}, {"model": "auth.permission", "pk": 120, "fields": {"name": "Can view partial", "content_type": 10, "codename": "view_partial"}}, {"model": "auth.permission", "pk": 121, "fields": {"name": "Can add Token", "content_type": 11, "codename": "add_token"}}, {"model": "auth.permission", "pk": 122, "fields": {"name": "Can change Token", "content_type": 11, "codename": "change_token"}}, {"model": "auth.permission", "pk": 123, "fields": {"name": "Can delete Token", "content_type": 11, "codename": "delete_token"}}, {"model": "auth.permission", "pk": 124, "fields": {"name": "Can view Token", "content_type": 11, "codename": "view_token"}}, {"model": "auth.permission", "pk": 125, "fields": {"name": "Can add token", "content_type": 12, "codename": "add_tokenproxy"}}, {"model": "auth.permission", "pk": 126, "fields": {"name": "Can change token", "content_type": 12, "codename": "change_tokenproxy"}}, {"model": "auth.permission", "pk": 127, "fields": {"name": "Can delete token", "content_type": 12, "codename": "delete_tokenproxy"}}, {"model": "auth.permission", "pk": 128, "fields": {"name": "Can view token", "content_type": 12, "codename": "view_tokenproxy"}}, {"model": "auth.permission", "pk": 129, "fields": {"name": "Can add Товар", "content_type": 13, "codename": "add_product"}}, {"model": "auth.permission", "pk": 130, "fields": {"name": "Can change Товар", "content_type": 13, "codename": "change_product"}}, {"model": "auth.permission", "pk": 131, "fields": {"name": "Can delete Товар", "content_type": 13, "codename": "delete_product"}}, {"model": "auth.permission", "pk": 132, "fields": {"name": "Can view Товар", "content_type": 13, "codename": "view_product"}}, {"model": "auth.permission", "pk": 133, "fields": {"name": "Can add Категория", "content_type": 14, "codename": "add_productcategory"}}, {"model": "auth.permission", "pk": 134, "fields": {"name": "Can change Категория", "content_type": 14, "codename": "change_productcategory"}}, {"model": "auth.permission", "pk": 135, "fields": {"name": "Can delete Категория", "content_type": 14, "codename": "delete_productcategory"}}, {"model": "auth.permission", "pk": 136, "fields": {"name": "Can view Категория", "content_type": 14, "codename": "view_productcategory"}}, {"model": "auth.permission", "pk": 137, "fields": {"name": "Can add Изображение", "content_type": 15, "codename": "add_productimage"}}, {"model": "auth.permission", "pk": 138, "fields": {"name": "Can change Изображение", "content_type": 15, "codename": "change_productimage"}}, {"model": "auth.permission", "pk": 139, "fields": {"name": "Can delete Изображение", "content_type": 15, "codename": "delete_productimage"}}, {"model": "auth.permission", "pk": 140, "fields": {"name": "Can view Изображение", "content_type": 15, "codename": "view_productimage"}}, {"model": "auth.permission", "pk": 141, "fields": {"name": "Can add user", "content_type": 16, "codename": "add_user"}}, {"model": "auth.permission", "pk": 142, "fields": {"name": "Can change user", "content_type": 16, "codename": "change_user"}}, {"model": "auth.permission", "pk": 143, "fields": {"name": "Can delete user", "content_type": 16, "codename": "delete_user"}}, {"model": "auth.permission", "pk": 144, "fields": {"name": "Can view user", "content_type": 16, "codename": "view_user"}}, {"model": "auth.permission", "pk": 145, "fields": {"name": "Can add Подтвержденный адрес эл. почты", "content_type": 17, "codename": "add_emailverification"}}, {"model": "auth.permission", "pk": 146, "fields": {"name": "Can change Подтвержденный адрес эл. почты", "content_type": 17, "codename": "change_emailverification"}}, {"model": "auth.permission", "pk": 147, "fields": {"name": "Can delete Подтвержденный адрес эл. почты", "content_type": 17, "codename": "delete_emailverification"}}, {"model": "auth.permission", "pk": 148, "fields": {"name": "Can view Подтвержденный адрес эл. почты", "content_type": 17, "codename": "view_emailverification"}}, {"model": "auth.permission", "pk": 149, "fields": {"name": "Can add session", "content_type": 18, "codename": "add_session"}}, {"model": "auth.permission", "pk": 150, "fields": {"name": "Can change session", "content_type": 18, "codename": "change_session"}}, {"model": "auth.permission", "pk": 151, "fields": {"name": "Can delete session", "content_type": 18, "codename": "delete_session"}}, {"model": "auth.permission", "pk": 152, "fields": {"name": "Can view session", "content_type": 18, "codename": "view_session"}}, {"model": "auth.permission", "pk": 153, "fields": {"name": "Can add cart", "content_type": 19, "codename": "add_cart"}}, {"model": "auth.permission", "pk": 154, "fields": {"name": "Can change cart", "content_type": 19, "codename": "change_cart"}}, {"model": "auth.permission", "pk": 155, "fields": {"name": "Can delete cart", "content_type": 19, "codename": "delete_cart"}}, {"model": "auth.permission", "pk": 156, "fields": {"name": "Can view cart", "content_type": 19, "codename": "view_cart"}}, {"model": "auth.permission", "pk": 157, "fields": {"name": "Can add favorites", "content_type": 20, "codename": "add_favorites"}}, {"model": "auth.permission", "pk": 158, "fields": {"name": "Can change favorites", "content_type": 20, "codename": "change_favorites"}}, {"model": "auth.permission", "pk": 159, "fields": {"name": "Can delete favorites", "content_type": 20, "codename": "delete_favorites"}}, {"model": "auth.permission", "pk": 160, "fields": {"name": "Can view favorites", "content_type": 20, "codename": "view_favorites"}}, {"model": "auth.permission", "pk": 161, "fields": {"name": "Can add Отзыв", "content_type": 21, "codename": "add_reviews"}}, {"model": "auth.permission", "pk": 162, "fields": {"name": "Can change Отзыв", "content_type": 21, "codename": "change_reviews"}}, {"model": "auth.permission", "pk": 163, "fields": {"name": "Can delete Отзыв", "content_type": 21, "codename": "delete_reviews"}}, {"model": "auth.permission", "pk": 164, "fields": {"name": "Can view Отзыв", "content_type": 21, "codename": "view_reviews"}}, {"model": "auth.permission", "pk": 165, "fields": {"name": "Can add Заказ", "content_type": 22, "codename": "add_order"}}, {"model": "auth.permission", "pk": 166, "fields": {"name": "Can change Заказ", "content_type": 22, "codename": "change_order"}}, {"model": "auth.permission", "pk": 167, "fields": {"name": "Can delete Заказ", "content_type": 22, "codename": "delete_order"}}, {"model": "auth.permission", "pk": 168, "fields": {"name": "Can view Заказ", "content_type": 22, "codename": "view_order"}}, {"model": "auth.permission", "pk": 169, "fields": {"name": "Can add order item", "content_type": 23, "codename": "add_orderitem"}}, {"model": "auth.permission", "pk": 170, "fields": {"name": "Can change order item", "content_type": 23, "codename": "change_orderitem"}}, {"model": "auth.permission", "pk": 171, "fields": {"name": "Can delete order item", "content_type": 23, "codename": "delete_orderitem"}}, {"model": "auth.permission", "pk": 172, "fields": {"name": "Can view order item", "content_type": 23, "codename": "view_orderitem"}}, {"model": "auth.permission", "pk": 173, "fields": {"name": "Can add Купон", "content_type": 24, "codename": "add_coupon"}}, {"model": "auth.permission", "pk": 174, "fields": {"name": "Can change Купон", "content_type": 24, "codename": "change_coupon"}}, {"model": "auth.permission", "pk": 175, "fields": {"name": "Can delete Купон", "content_type": 24, "codename": "delete_coupon"}}, {"model": "auth.permission", "pk": 176, "fields": {"name": "Can view Купон", "content_type": 24, "codename": "view_coupon"}}, {"model": "auth.permission", "pk": 177, "fields": {"name": "Can add users used coupon", "content_type": 25, "codename": "add_usersusedcoupon"}}, {"model": "auth.permission", "pk": 178, "fields": {"name": "Can change users used coupon", "content_type": 25, "codename": "change_usersusedcoupon"}}, {"model": "auth.permission", "pk": 179, "fields": {"name": "Can delete users used coupon", "content_type": 25, "codename": "delete_usersusedcoupon"}}, {"model": "auth.permission", "pk": 180, "fields": {"name": "Can view users used coupon", "content_type": 25, "codename": "view_usersusedcoupon"}}, {"model": "sessions.session", "pk": "037q291pjk4vbmhuzo54ue0s9wbobob7", "fields": {"session_data": "eyJjYXJ0Ijp7IjEiOnsicXVhbnRpdHkiOjEsInByaWNlIjoiMzQ1MC4wMCJ9fX0:1pkIMk:MI3UMOjtjZGZlHyoxAMl67RketXDFv70D3PA7jjra6A", "expire_date": "2023-04-20T05:40:58.737Z"}}, {"model": "sessions.session", "pk": "0foizr4abkem8cbecg99vrp33viyl4m4", "fields": {"session_data": "eyJjYXJ0Ijp7fX0:1pjwSF:LJDECT_Ers_4uWwqcT1MLduaOHfU_ShwOpmn4CROMyo", "expire_date": "2023-04-19T06:17:11.162Z"}}, {"model": "sessions.session", "pk": "0gaeqnarg5t6278en9lo5xoeivs4r1lj", "fields": {"session_data": ".eJxVjMsOwiAQAP-FsyE8Srd49N5vIAu7laqBpLQn478bkh70OjOZtwh47DkcjbewkrgKLS6_LGJ6cumCHljuVaZa9m2NsifytE3Olfh1O9u_QcaW-xYYFaE1GqIh47xxLlqHmr3iyZIClxSMJg4QOeECPNjJ-xF1WrxVSny-0Xo3ZQ:1pjbAS:iuuPVIJ_x7QAY5hhBTi8_aDk-3kX_0ikRgiFP7CfTMs", "expire_date": "2023-04-18T07:33:24.460Z"}}, {"model": "sessions.session", "pk": "16zuncz3cdf693alfhljzuzy81g04syc", "fields": {"session_data": ".eJxVjMsOgyAQRf9l1g3hISIuu-83mAGGYttIAtiN8d8bUzcu7z0nZwOPpcG47TeI-M1lblT_c8K1pWmtVKY5wAgCLp9D_6blAOGFyzMzn5dWZscOhZ20skcO9Lmf7iWQsKYjawh5QCWFcTJIbaXWTmkUZDkNKnCjPTe9dJ1x5DEa6tRgbY_CR6s4h_0HHaJAJg:1pryME:Hbq8_UX1aUAtGznfWmJZG0BTJ-VKmYgk1lYXWs_-X8o", "expire_date": "2023-05-11T09:56:10.643Z"}}, {"model": "sessions.session", "pk": "1o3lkgeh8l7ibz9zszrzr3y8b5uksi2n", "fields": {"session_data": ".eJxVjMsOgyAUBf-FtSE8RMRl936DucC10DaSAHZj_PeWxEW7PGcmc5AF9hqWvWBeoicT4aT7_Sy4J24N-Ads90Rd2mqOljaFXrTQOXl83S73LxCghJbVCMyDFFxb4YUyQikrFXA0DEfpmVaO6UHYXlt0sGrs5WjMANytRjL2jTrIlUzH2ZEV3inHiqXN8wOiQUAm:1poCah:h-U4wiiZngfMwrgE1uIh7M3sd_LmReFZLuB_TTV6uGs", "expire_date": "2023-05-01T00:19:31.520Z"}}, {"model": "sessions.session", "pk": "2i2y7sioa9t3ay5cq5myow2ftdg36b1b", "fields": {"session_data": ".eJxVjjsOwyAQBe9CHSE-xhiX6XMGtMASnERGApzG8t0TJDdu34xGbycRvrksDSuZ9-NGLGwt2a1isUsgM-Hksjnwb1w7CC9Yn5n6vLayONoVetJKHzng5366l0CCmnpWI7AAUnDtRBDKCKWcVMDRMJxkYFp5pkfhBu3QQ9Q4yMmYEbiPRjL2j3oorX8-fhQ4QCY:1po6XD:bY5XV8Mw9CRhiPemtDcik2_YsqOubGV2sMcoMssVbOU", "expire_date": "2023-04-30T17:51:31.044Z"}}, {"model": "sessions.session", "pk": "32n5d3mob4m4s2d35l8v17bfpuvw40c5", "fields": {"session_data": ".eJxVjMsOwiAQAP-FsyE8Srd49N5vIAu7laqBpLQn478bkh70OjOZtwh47DkcjbewkrgKLS6_LGJ6cumCHljuVaZa9m2NsifytE3Olfh1O9u_QcaW-xYYFaE1GqIh47xxLlqHmr3iyZIClxSMJg4QOeECPNjJ-xF1WrxVSny-0Xo3ZQ:1pjYhU:iM1A-D-3q3BwcWSx6Mpl-uYqYdhr2MzHmYF3lzb86eQ", "expire_date": "2023-04-18T04:55:20.290Z"}}, {"model": "sessions.session", "pk": "47mm9stkp085evncbimaiazec11935hn", "fields": {"session_data": ".eJxVjMsOwiAQAP-FsyE8Srd49N5vIAu7laqBpLQn478bkh70OjOZtwh47DkcjbewkrgKLS6_LGJ6cumCHljuVaZa9m2NsifytE3Olfh1O9u_QcaW-xYYFaE1GqIh47xxLlqHmr3iyZIClxSMJg4QOeECPNjJ-xF1WrxVSny-0Xo3ZQ:1pjYDb:nXJa26Nwes6hOj06JA7F_sKGiEShgDZC_Dw1ltINPZc", "expire_date": "2023-04-18T04:24:27.149Z"}}, {"model": "sessions.session", "pk": "607up75jvddmvm59w6huptewfkjidu0w", "fields": {"session_data": ".eJxVjssOgyAQRf-FdUNkfAAuu_cbzMCM1baRBLAb479XEjdu7zk5ubuY8BfikjmJfj8eYsQtz-OWOI4LiV6oWtxGh_7DayH0xvUVpA9rjouTRZEXTXIIxN_n5d4CM6a5dD2bDmsiQ9x5rWtF3lUGwBKjthaNA2jaqXWVU7ZjVnjqAAaM141yZ9RjzOX08QduFkD1:1pnqKY:u2ppUj6Dr8Ew8JLDMYnTV4Sah5zrWuhAZpmJC3blX84", "expire_date": "2023-04-30T00:33:22.671Z"}}, {"model": "sessions.session", "pk": "6j9b08j7th7xbx3lunxfepqvnlaye55k", "fields": {"session_data": "eyJjb3Vwb25faWQiOm51bGx9:1pov8S:HdQ17Ay6NRwNjfiaYl8VrjjgYhiUrQxxMomXRqzLOpg", "expire_date": "2023-05-02T23:53:20.440Z"}}, {"model": "sessions.session", "pk": "6oc8gtmht4hg255i0wio5i6bk6jsbss1", "fields": {"session_data": ".eJxVjssOgyAQRf-FdUNkfAAuu_cbzMCM1baRBLAb479XEjdu7zk5ubuY8BfikjmJfj8eYsQtz-OWOI4LiV6oWtxGh_7DayH0xvUVpA9rjouTRZEXTXIIxN_n5d4CM6a5dD2bDmsiQ9x5rWtF3lUGwBKjthaNA2jaqXWVU7ZjVnjqAAaM141yZ9RjzOX08QduFkD1:1pnqSb:NMDpJUJHgZoyyPi99wwIzGwpS7hMwm2HDn9GXP0X624", "expire_date": "2023-04-30T00:41:41.455Z"}}, {"model": "sessions.session", "pk": "74r2ka3j4t7amm4grgd92cx8oeqvsoao", "fields": {"session_data": ".eJxVjEEOgyAQAP_CuSELiIjH3vsGs8BSbBtJAHsx_r018dBeZyazsQnXlqa1UpnmwEYm2OWXOfRPWg4RHrjcM_d5aWV2_Ej4aSu_5UCv69n-DRLWdGwNIQRUUhgng9RWau2URkEWaFABjPZgeuk648hjNNSpwdoehY9WAXynEd-5zI0qG7d9_wA4ETza:1poQ4A:P8VIDeHBP4KKEbrvlrZuXYFqzx00ardptoANs-gPSAg", "expire_date": "2023-05-01T14:42:50.302Z"}}, {"model": "sessions.session", "pk": "78ebdmxndq9l48kkxr9fqqsk59fuly6h", "fields": {"session_data": ".eJxVjMsOgyAQRf9l1g3hISIuu-83mAGGYttIAtiN8d8bUzcu7z0nZwOPpcG47TeI-M1lblT_c8K1pWmtVKY5wAgCLp9D_6blAOGFyzMzn5dWZscOhZ20skcO9Lmf7iWQsKYjawh5QCWFcTJIbaXWTmkUZDkNKnCjPTe9dJ1x5DEa6tRgbY_CR6s4h_0HHaJAJg:1pl5gX:lBd4KJeOchR_MPPjYqEkYLSfrdrVmDeZba4FNfnnWY0", "expire_date": "2023-04-22T10:20:41.796Z"}}, {"model": "sessions.session", "pk": "7hohxok2gk3arvwyi89t9nx2uaw6yv1p", "fields": {"session_data": ".eJxVjLsOgzAMAP_FcxUR80jC2L3fgOzYFNqKSAS6IP69RWJhvTvdBj190zwumqHd9ht0tC5Dt2adu1GgBVvCBTLFt06HkRdNz2RimpZ5ZHMk5rTZPJLo5362l8FAeTi-UX1DpYgXbaJzpZXIhUcMouRCIM-IVd3XXLANjaqlf47o0UdXWYb9B_ajPak:1pnqfS:dm4Af5NMBvAgIBCtRcWc4AIl_cVGXwZW1aEI4C9McLU", "expire_date": "2023-04-30T00:54:58.104Z"}}, {"model": "sessions.session", "pk": "7iuxf62b9shfjfr9j183ybk5t3v9x2wt", "fields": {"session_data": ".eJxVjMsOwiAQAP-FsyE8Srd49N5vIAu7laqBpLQn478bkh70OjOZtwh47DkcjbewkrgKLS6_LGJ6cumCHljuVaZa9m2NsifytE3Olfh1O9u_QcaW-xYYFaE1GqIh47xxLlqHmr3iyZIClxSMJg4QOeECPNjJ-xF1WrxVSny-0Xo3ZQ:1pjYej:9GJdcbGHZS9nIhwn8iuBqwoykLcde3CEpAPFCApYEL8", "expire_date": "2023-04-18T04:52:29.458Z"}}, {"model": "sessions.session", "pk": "94pt92jiz8g35p07haeic59y274v2vu0", "fields": {"session_data": ".eJxty70OgjAUhuF7OTOaU4omsmkMCf6Aoi4upkEUUH4sbQEJ967oosblW77nbcBnXIDZAOnmJlkqIlGDSTTIeeQHYAI1BthHhFYD_RvhB0J8o6c6MZXxSARFp1_JP6UuvYxJEeqHQjDRvdYcMY-siWO41FNjuZQUs9Bdb8nG4aV-BQ1qlh6D6jekHk_scyV305zHMonLkbrHe6saLqQ9W-UE2gf2wkkR:1qDOad:_ybyLl4Em7PkpPl7rKgLRqn_8Jj46TU84pEZAkUgcKg", "expire_date": "2023-07-09T12:11:35.585Z"}}, {"model": "sessions.session", "pk": "99ob0o1hj7q4hqas4js80vjyjp9i11ib", "fields": {"session_data": "eyJjYXJ0Ijp7fSwiZmF2b3JpdGVzIjp7fX0:1pzjOc:bA689fjFzOQg8X1fqaO41yLLdyM5AuN2YvhcSXQT1jw", "expire_date": "2023-06-01T19:34:42.805Z"}}, {"model": "sessions.session", "pk": "9ikx4mtb27mdknoudhix0geb0ogdzg8a", "fields": {"session_data": ".eJxVjMsOgyAQRf9l1g3hISIuu-83mAGGYttIAtiN8d8bUzcu7z0nZwOPpcG47TeI-M1lblT_c8K1pWmtVKY5wAgCLp9D_6blAOGFyzMzn5dWZscOhZ20skcO9Lmf7iWQsKYjawh5QCWFcTJIbaXWTmkUZDkNKnCjPTe9dJ1x5DEa6tRgbY_CR6s4h_0HHaJAJg:1pl4jL:JN9oq7wka3Hrjg7Z5SCVTejRjeM6NGqE4ymL8x4QgYo", "expire_date": "2023-04-22T09:19:31.780Z"}}, {"model": "sessions.session", "pk": "c4o1f522krip7osrt3r2p73bp6iwqevk", "fields": {"session_data": ".eJxVj8sOwiAQRf9l1g0B-qJduvcbmgFGizagFEyM6b9LjZtuZnHvyZmZD1zwFaJLtML42SqYMKd5yivFyVkYQdRwCDWaO_m9sTf018BM8Ck6zXaE_duVnYOl5fRnD4IZ13n3GlId1tYqS53p-1pYo7mScrCE_TCg0lI27aXVXIuhIxJYcCmVVKZvhC5SE_Ij-N-ZPi9LCTCm8gWIfTwz-uTSG0ZRwSM6Q2Vr3bSccQ7btn0BrmpRSg:1q3yDq:1qZ94sYkGZv1Y1clwOnae48rPCZgdKh9UHas9ULRbsI", "expire_date": "2023-06-13T12:13:06.793Z"}}, {"model": "sessions.session", "pk": "clabw5173cl50pz1hc6dlsdrqvhj441o", "fields": {"session_data": "eyJjYXJ0Ijp7fX0:1pkjES:F8iXrIOmvaqzEkmi1A8P4X8e9qhSyyQiZYISMHR-0Xk", "expire_date": "2023-04-21T10:22:12.173Z"}}, {"model": "sessions.session", "pk": "d73tl2mml2l2wm0mf0jfirk8y3dj9nsn", "fields": {"session_data": ".eJxVjssOgyAQRf-FdUNkfAAuu_cbzMCM1baRBLAb479XEjdu7zk5ubuY8BfikjmJfj8eYsQtz-OWOI4LiV6oWtxGh_7DayH0xvUVpA9rjouTRZEXTXIIxN_n5d4CM6a5dD2bDmsiQ9x5rWtF3lUGwBKjthaNA2jaqXWVU7ZjVnjqAAaM141yZ9RjzOX08QduFkD1:1q3xIa:QcOu2JRvzxqzPS5upJr22PG6AcofGc60yVFKtJ8KIu8", "expire_date": "2023-06-13T11:13:56.346Z"}}, {"model": "sessions.session", "pk": "dk0u0wvoqayg99yxmoglh9mx78qmnbjw", "fields": {"session_data": ".eJxVj01uxCAMRu_COkL8hDBk2f2cITLgNLQRZAhUqqLcfchoFu3Gkv09PdsHmaCWZao75il4MhJOur8zC-4b4xX4L4ifiboUSw6WXgh9pzu9J4_rx5v9J1hgXy6tRmAepODaCi-UEUpZqYCjYXiTnmnlmB6E7bVFB7PGXt6MGYC72UjGmtRBLmQ82oWtPCrEEsovGXlHthwctiWyV4w29jw7MsNPyqHg3ujWulS3FF8vxrqu5xNWrFB7:1pobW8:wSNvEZEA0qrdRhgHTmnHv5GkVZgKT8g8IrKNUPEGkWs", "expire_date": "2023-05-02T02:56:28.809Z"}}, {"model": "sessions.session", "pk": "emdv744mqg9q6aehtv5d6i0rs3h7fulc", "fields": {"session_data": ".eJxVjDsOgzAQBe-yNbL8A9uU6XMGtLY3wUlkEjBFhLh7sEST5hVvRrNBwLlAv4Go81kxl1S-0OsG3nMKBD0o3XLGOex7AwOuZRzWheYhxYMJBX-nx_CkXEl8YL5PLEy5zMmzqrCTLuw6RXpdTvcvMOIy1m4g26GK0UbqgjFKxOC5ldJFQuMcWi-lbm-t5164jkjgoUtppQ1GCw_7D4QyRbM:1pk1um:zaNFt143mUIYlIdJYbjQT-TT4aUab_xkmKaPOdhpe08", "expire_date": "2023-04-19T12:07:00.899Z"}}, {"model": "sessions.session", "pk": "g4ls433evm48ky5bxpdi2v201owsg1s8", "fields": {"session_data": ".eJxVjMsOgyAQRf9l1g3hISIuu-83mAGGYttIAtiN8d8bUzcu7z0nZwOPpcG47TeI-M1lblT_c8K1pWmtVKY5wAgCLp9D_6blAOGFyzMzn5dWZscOhZ20skcO9Lmf7iWQsKYjawh5QCWFcTJIbaXWTmkUZDkNKnCjPTe9dJ1x5DEa6tRgbY_CR6s4h_0HHaJAJg:1q6EG8:M9elPNP62B1uEfJSoQNvO9WcbxbblBYcJNRdiOLwqIg", "expire_date": "2023-06-19T17:44:48.944Z"}}, {"model": "sessions.session", "pk": "g9oeglokbmwnvcro25f34obfk89fze9e", "fields": {"session_data": ".eJxVjMsOwiAQAP-FsyE8Srd49N5vIAu7laqBpLQn478bkh70OjOZtwh47DkcjbewkrgKLS6_LGJ6cumCHljuVaZa9m2NsifytE3Olfh1O9u_QcaW-xYYFaE1GqIh47xxLlqHmr3iyZIClxSMJg4QOeECPNjJ-xF1WrxVSny-0Xo3ZQ:1pjYLz:uEMVJdID_BqAo9VorkJaz4u62iLAtE3QGhjmpnMdF9I", "expire_date": "2023-04-18T04:33:07.477Z"}}, {"model": "sessions.session", "pk": "gjw0ujzfzc2f8dbinap0c02zs9kb22vv", "fields": {"session_data": ".eJxVjMsOgyAQRf9l1g3hISIuu-83mAGGYttIAtiN8d8bUzcu7z0nZwOPpcG47TeI-M1lblT_c8K1pWmtVKY5wAgCLp9D_6blAOGFyzMzn5dWZscOhZ20skcO9Lmf7iWQsKYjawh5QCWFcTJIbaXWTmkUZDkNKnCjPTe9dJ1x5DEa6tRgbY_CR6s4h_0HHaJAJg:1pmEsH:d5cvSdKQ_-CoabJBaAbIHlnLWn7JdJ_p6U06UXrIPl4", "expire_date": "2023-04-25T14:21:33.874Z"}}, {"model": "sessions.session", "pk": "guf0oyu3b26b7picrnny8wengiolshkr", "fields": {"session_data": ".eJxVjjsOwyAQBe9CHSE-xhiX6XMGtMASnERGApzG8t0TJDdu34xGbycRvrksDSuZ9-NGLGwt2a1isUsgM-Hksjnwb1w7CC9Yn5n6vLayONoVetJKHzng5366l0CCmnpWI7AAUnDtRBDKCKWcVMDRMJxkYFp5pkfhBu3QQ9Q4yMmYEbiPRjL2j3oorX8-fhQ4QCY:1qCiP7:_kTdYQhOPXaM4yYNtScs9_AVO4xdgoKyBfATR-Tlql8", "expire_date": "2023-07-07T15:08:53.271Z"}}, {"model": "sessions.session", "pk": "guobqyk6q2jcdcpr0p7im2n41ogfuwwq", "fields": {"session_data": ".eJxVzE0KwyAQBeC7zLqImh81y-57hjDqpLEtpjWmUELu3gjZZDPw5n28FRymDN0KopzPgjGH_INOXOCdgiPooKobzjiHbbvAgN8phUzzrvfY45LHfpkp9cHvVFRwelp0T4ql8Q-M94m5KeYULCuEHe3MbpOn1_Wwp4ER57HsOtItVt5rT61TqhLeWa6lNJ5QGYPaSlk3Q2O5FaYlErhzKbXUTtXCwvYHJRhLJQ:1pnzLa:Jzac18o8EmQSJtftrEhtRKWxao_HAiyaD4Zu_Em1VHY", "expire_date": "2023-04-30T10:11:02.913Z"}}, {"model": "sessions.session", "pk": "hix9ejghgersnhfqjitmb90gda8h57gb", "fields": {"session_data": "eyJjYXJ0Ijp7fSwiZmF2b3JpdGVzIjp7fX0:1pmhjT:HSWALk7HoNwMoNYWZIuEwjIs3oG8-hbxzl8mRSALg7o", "expire_date": "2023-04-26T21:10:23.002Z"}}, {"model": "sessions.session", "pk": "jjxpdiu0hm0s24nbpkp1b58byxfi8wnr", "fields": {"session_data": ".eJxVjMsKwjAURP8lay15mMa4FERQRBEEd-UmubGtmmATRRH_XYtuXM6cOfMkFrpMJs_XgHi4xa7JmL7xAcHhfRjhmmtepQwZyYSYza4sLzibN1vATUiLNbLUntNqefZ3v1dkQKreqK4Ju6pxH4X9dwbsEUMPXAvhEAsbQ-4aU_ST4kdTsYoOT9Pf9u-ghlT3twqBOhCcKcMdl5pLaYQEhpriWDiqpKWq5GakDFrwCkdirHUJzHotKCWvN5RAU-g:1qDQ2B:dgwuD7qolpCV1KbZRBwEj9N5LDSStTPuWlFsp_NU3S8", "expire_date": "2023-07-09T13:44:07.823Z"}}, {"model": "sessions.session", "pk": "jo4ffkdf6xd9qh6ygat54r4n6bwebo16", "fields": {"session_data": "eyJjYXJ0Ijp7fSwiZmF2b3JpdGVzIjp7fX0:1pmE66:g4V821B1H8k8ECVezQEkg7zeBzhf7y1eP89alEHf9pk", "expire_date": "2023-04-25T13:31:46.693Z"}}, {"model": "sessions.session", "pk": "joyo62orgng0hfn4z2rruwrdc6lsjmbt", "fields": {"session_data": ".eJxVjssKwjAQRf9l1hLy0Dbt0r3fUCaT0UYlqWkqiPTfTcWNm4F77-EwbyDMBfo36O08FowllBf0agdTDsTQg5FSCilhXXdwxmfKofBc6RoHXMo4LDPnIfiKKgN_pUO6cdwWf8V4SYJSLDk4sSHit87ilDzfjz_2TzDiPG5eYtug8d56bqhtjfLkpNW684xt16F1Wu8P54OTTnUNs8KKa221pXavXJVSWqYUv2-a9QNcHE-6:1povVZ:GPBMBms6cIs2SsFoJ8RfBjcuNfYM_dha2iqBmrvIjhU", "expire_date": "2023-05-03T00:17:13.532Z"}}, {"model": "sessions.session", "pk": "k0208qe370aerf01lrik7fbhw6zzut9k", "fields": {"session_data": ".eJxVjjsOwyAQBe9CHSE-xhiX6XMGtMASnERGApzG8t0TJDdu34xGbycRvrksDSuZ9-NGLGwt2a1isUsgM-Hksjnwb1w7CC9Yn5n6vLayONoVetJKHzng5366l0CCmnpWI7AAUnDtRBDKCKWcVMDRMJxkYFp5pkfhBu3QQ9Q4yMmYEbiPRjL2j3oorX8-fhQ4QCY:1po6Gu:veEd2urEfoUenuf48rs8k-J-w-3sJOboXdPKkY27bjg", "expire_date": "2023-04-30T17:34:40.129Z"}}, {"model": "sessions.session", "pk": "lrvwkt7yfzd2196swlw4u5aast953kzc", "fields": {"session_data": ".eJxVjMsOgyAQRf9l1g3hISIuu-83mAGGYttIAtiN8d8bUzcu7z0nZwOPpcG47TeI-M1lblT_c8K1pWmtVKY5wAgCLp9D_6blAOGFyzMzn5dWZscOhZ20skcO9Lmf7iWQsKYjawh5QCWFcTJIbaXWTmkUZDkNKnCjPTe9dJ1x5DEa6tRgbY_CR6s4h_0HHaJAJg:1qPnET:MLlGNP-PIRH6DhXsLi6l66Hu6JYsx1IS0NM-jICyito", "expire_date": "2023-08-12T16:55:57.415Z"}}, {"model": "sessions.session", "pk": "m4oa66dlacjvck1knv60l4b414u8fpuf", "fields": {"session_data": ".eJxVjMsOgyAQRf9l1g3hISIuu-83mAGGYttIAtiN8d8bUzcu7z0nZwOPpcG47TeI-M1lblT_c8K1pWmtVKY5wAgCLp9D_6blAOGFyzMzn5dWZscOhZ20skcO9Lmf7iWQsKYjawh5QCWFcTJIbaXWTmkUZDkNKnCjPTe9dJ1x5DEa6tRgbY_CR6s4h_0HHaJAJg:1qPgjM:v19luFtIR5Q8OQluNhtq2qQ7K3IstuqsdlCNNkDk6Gg", "expire_date": "2023-08-12T09:59:24.611Z"}}, {"model": "sessions.session", "pk": "m7e5h8f5fbytjrgvketf87dcltpcrt4h", "fields": {"session_data": "eyJjb3Vwb25faWQiOm51bGx9:1powMd:F85_QvDne_3dktHOUNB3tpllaHovV5c7RJ9uITeym-A", "expire_date": "2023-05-03T01:12:03.047Z"}}, {"model": "sessions.session", "pk": "m7fnesxg2va4x95a0f4itgmx2uo7pesa", "fields": {"session_data": "eyJjYXJ0Ijp7fX0:1pkEsw:SvcShtnpUOAjHxM7NuU8__Z5Cjh49MkpYJouh8lTqoU", "expire_date": "2023-04-20T01:57:58.105Z"}}, {"model": "sessions.session", "pk": "mtv37dqcd8e18t5b7y2ffo4kmmq6gw15", "fields": {"session_data": "eyJjYXJ0Ijp7IjEiOnsicXVhbnRpdHkiOjIsInByaWNlIjoiMzQ1MC4wMCJ9fX0:1pkIsK:JHCrnIvnD4_d7vEJaptnXoItXJ81ctsGAgZrV2vu9BI", "expire_date": "2023-04-20T06:13:36.577Z"}}, {"model": "sessions.session", "pk": "nh6b5e40whdyt3ecp5rkzkposaldmf4a", "fields": {"session_data": ".eJxVjMsOgyAQRf9l1g3hISIuu-83mAGGYttIAtiN8d8bUzcu7z0nZwOPpcG47TeI-M1lblT_c8K1pWmtVKY5wAgCLp9D_6blAOGFyzMzn5dWZscOhZ20skcO9Lmf7iWQsKYjawh5QCWFcTJIbaXWTmkUZDkNKnCjPTe9dJ1x5DEa6tRgbY_CR6s4h_0HHaJAJg:1pooQk:St1w2MQqXMlUtN2MLAjh47hhcJvT687pu3ijO0SS7HY", "expire_date": "2023-05-02T16:43:46.253Z"}}, {"model": "sessions.session", "pk": "pidvgbdk57guw6gu5laftvuv88p982zs", "fields": {"session_data": ".eJxdjFFPgzAUhf9LnydpC6WwR-OWzWRmxmjUF3LbXgaCraEF1GX_XRv3Mh_POd93jkTDEMjyeFqQGiY3tAH9X5y6KwdjaHjlAwQkS6LbrXm-LcTN0Mn3fvWyeco_7u_2zOdhtd3omSzIF1iDn_9F1u74Q5brw3rd6amfHkfYo6V-fv1mNszFr1hFoxo9DlVronLZKdAd2jiYN7AHl2hnw9CqJCLJefXJzhnsr8_sxUEDvom3EoEaSDmTihsuSi6ESgUwLCkWqaFSaCpzrjKpUEMtMUuLssyB6bpMKSWnH8GGZUQ:1q5pSk:fsNyDgYA3tickI2ECvgZHWcdfPliqyeccmJKHxvWmXs", "expire_date": "2023-06-18T15:16:10.286Z"}}, {"model": "sessions.session", "pk": "plz8wy3z7p885pcchts4xl31dwnp4miv", "fields": {"session_data": ".eJxVjMsOgyAQRf9l1g3hISIuu-83mAGGYttIAtiN8d8bUzcu7z0nZwOPpcG47TeI-M1lblT_c8K1pWmtVKY5wAgCLp9D_6blAOGFyzMzn5dWZscOhZ20skcO9Lmf7iWQsKYjawh5QCWFcTJIbaXWTmkUZDkNKnCjPTe9dJ1x5DEa6tRgbY_CR6s4h_0HHaJAJg:1plSQf:QKi43c47Rs1bLsYTmoq0gLdOOIPLJIapnLGtW7K0GJc", "expire_date": "2023-04-23T10:37:49.641Z"}}, {"model": "sessions.session", "pk": "q1gtyh6joa2ujs8misordv8kfjx1c54w", "fields": {"session_data": ".eJyrVkpOLCpRsqpWMgQRhaWJeSWZJZVKVoY6SgVFmcmpSlZKxiamBnoGBkq1OkpGqIqMkBQZGEAU1dYCADBWGJ4:1pr7NL:xXPT1fCanhWFiHdbKow7hWmhUhmRlq4DYKCNjXqGb58", "expire_date": "2023-05-09T01:21:47.091Z"}}, {"model": "sessions.session", "pk": "q2qj6d51ep5yxgaio2v9uz45yni9x4zq", "fields": {"session_data": ".eJxVjMsOwiAQAP-FsyE8Srd49N5vIAu7laqBpLQn478bkh70OjOZtwh47DkcjbewkrgKLS6_LGJ6cumCHljuVaZa9m2NsifytE3Olfh1O9u_QcaW-xYYFaE1GqIh47xxLlqHmr3iyZIClxSMJg4QOeECPNjJ-xF1WrxVSny-0Xo3ZQ:1pjujk:o1Jqtx78-Clv2sCVgXXU9w48TQYO8VXeZqLKJIPZo94", "expire_date": "2023-04-19T04:27:08.853Z"}}, {"model": "sessions.session", "pk": "r16srehe8rk9edtdsy41xcmur2cjbhld", "fields": {"session_data": ".eJxVj7tuwzAMRf-Fsyvo4UfssUODDhkKpIU3gxKlWo1htZZc1Ajy77WALFkIkPccgryCwSVBdwWZy8-Kc_Jpg04U8L14Y6EDxTlnnMPtVoDD37D4ZONO7-2GM9m_p4BrGuUQE6YsTOfg-zZN_Xt1UttHeDMitOdN0Gt_dE3_AgUM2RjWaJfB065I_jjUaC52zgl94fwZmAlzWrxmGWH3NLJTIDs939mHBSPGMd9uSkJF0rUtCUdKWyF1JevaKdmo8lBXokR9cEpzXWpTaWFQNcKStDVSfvofgwBejg:1qDPFC:Ol_EqxXSDRYFtxWG2_LPJnQA_37YRb1PW0maBnfhKCs", "expire_date": "2023-07-09T12:53:30.060Z"}}, {"model": "sessions.session", "pk": "r3vucib46heb2kj9z6r32u8rousj7t94", "fields": {"session_data": ".eJxVj00OwiAQhe_C2hB-ikiX7j1DM8DUogYqUBPT9O5S48bNJDPvzTdvVjLCK-VQsZB-3Q5kgKVOw1IwD8GTnnDyN7Pg7hh3wd8gXhN1KdYcLN0t9KcWekkeH-ef9w8wQZl2rEZgHqTg2govlBFKWamAo2F4kp5p5Zg-Cttpiw5GjZ08GXME7kYjGWtQl5Y5xW9K2TrItX3Q8rbyXCDWUN-k5wcy5-CwnZSdYrRtbtv2ARstTvM:1poxKS:Jdje28KIrHy_C2dQ--QVxBkY5gDJFJJnN4I9Np7Z5Jc", "expire_date": "2023-05-03T02:13:52.782Z"}}, {"model": "sessions.session", "pk": "rlgy6rmk7k0dddlnogndis7pfsnpco80", "fields": {"session_data": "eyJjb3Vwb25faWQiOm51bGx9:1pow0C:ER4SyqoLtbTG8XrhWKm0WZjW7mmlGQhM2o0b3ZKTU18", "expire_date": "2023-05-03T00:48:52.854Z"}}, {"model": "sessions.session", "pk": "sabbo25v0lijjbhuyc3xq7we5hdpxbc9", "fields": {"session_data": ".eJxVj80OwiAQhN-FsyH8FJEevfsMzQJbizZQKZgY03eXGi9e9jAz--3sm4zwTDkUXEn_3g5kgFqmoa6Yh-BJTzj50yy4O8bd8DeI10RdiiUHS_cI_bkrvSSP8_mX_QNMsE47ViMwD1JwbYUXygilrFTA0TA8Sc-0ckwfhe20RQejxk6ejDkCd6ORjDWoS3VJ8dsy1nluAuTSnmiV23hUiCWUF-n5gSw5OGxXZacYbcvbtn0AKbFQew:1ppCmi:ePR8_p8T1VyF5fEe-7dCsy0RxADs39_tGrVxrk280ns", "expire_date": "2023-05-03T18:44:04.488Z"}}, {"model": "sessions.session", "pk": "skh0tdzwy4g9pb2usxdqh5dy11nggvqz", "fields": {"session_data": ".eJxVjMsOgyAUBf-FtSE8RMRl936DucC10DaSAHZj_PeWxEW7PGcmc5AF9hqWvWBeoicT4aT7_Sy4J24N-Ads90Rd2mqOljaFXrTQOXl83S73LxCghJbVCMyDFFxb4YUyQikrFXA0DEfpmVaO6UHYXlt0sGrs5WjMANytRjL2jTrIlUzH2ZEV3inHiqXN8wOiQUAm:1pooGL:3w80EFXnHFVxqv_QN6FHH9MTcIbLrRMHjfd7p0QZCwo", "expire_date": "2023-05-02T16:33:01.184Z"}}, {"model": "sessions.session", "pk": "tek50owgq8tpnpsscfsn8t29ujspblpk", "fields": {"session_data": ".eJxVjMsOwiAQAP-FsyE8Srd49N5vIAu7laqBpLQn478bkh70OjOZtwh47DkcjbewkrgKLS6_LGJ6cumCHljuVaZa9m2NsifytE3Olfh1O9u_QcaW-xYYFaE1GqIh47xxLlqHmr3iyZIClxSMJg4QOeECPNjJ-xF1WrxVSny-0Xo3ZQ:1pjYA9:s9YXXeah9EKrG7eNTG0p65AcnyVF9TgXbHoHhIxJ9kg", "expire_date": "2023-04-18T04:20:53.128Z"}}, {"model": "sessions.session", "pk": "tn5j4jvt2txjwq66f86pelc22c597qc8", "fields": {"session_data": "eyJjb3Vwb25faWQiOm51bGx9:1powiq:adPSQRNRDrSQWcbs8OQ7KOonN8oOZ-Fk45F93KqKzaY", "expire_date": "2023-05-03T01:35:00.208Z"}}, {"model": "sessions.session", "pk": "u2favrcro2nt3pj15xjig6jfonmz3jsc", "fields": {"session_data": ".eJxVjMEOgyAQRP-Fc0OQRS0ee_cbzC4s1baRBLAX479XUy_eZubNzCocpiK6dbuJgN-YpsL5bwdcyjgsmdMwedEJrcUlJHRvng_iXzg_o3RxLmkieVTkSbPso-fP4-xeDkbM476uASCwsaDQ0i61bVGBNcEHQwZtw4G4rbVyuq0VYuU1MlhqKnOnACS2H1QpQO0:1qPnuT:EKRCgwy11V1u0RJaAStt59OPDH_OCblNVAJ-FXMix9A", "expire_date": "2023-08-12T17:39:21.828Z"}}, {"model": "sessions.session", "pk": "vwoys3iblmuwqtjkkdhpbjq3a1gss89k", "fields": {"session_data": ".eJxVjMsOgyAQRf9l1g3hISIuu-83mAGGYttIAtiN8d8bUzcu7z0nZwOPpcG47TeI-M1lblT_c8K1pWmtVKY5wAgCLp9D_6blAOGFyzMzn5dWZscOhZ20skcO9Lmf7iWQsKYjawh5QCWFcTJIbaXWTmkUZDkNKnCjPTe9dJ1x5DEa6tRgbY_CR6s4h_0HHaJAJg:1pmbCs:jL1ob6HBQpqs8j6XgYnEsDEvamg07W3gQfQRv5iVkQ8", "expire_date": "2023-04-26T14:12:18.186Z"}}, {"model": "sessions.session", "pk": "weh6laqd9avlozoyrooupcdyfv5pw8kx", "fields": {"session_data": "eyJjYXJ0Ijp7fSwiZmF2b3JpdGVzIjp7fX0:1pmDu2:iQMTyvWjTvYl3X9uzCSOhP_VHVByFJAI3d62j7TCSAk", "expire_date": "2023-04-25T13:19:18.470Z"}}, {"model": "sessions.session", "pk": "wm1rs8jqb4iy1uts5sktsreukw6yuwx0", "fields": {"session_data": ".eJxVjMsOwiAQAP-FsyE8Srd49N5vIAu7laqBpLQn478bkh70OjOZtwh47DkcjbewkrgKLS6_LGJ6cumCHljuVaZa9m2NsifytE3Olfh1O9u_QcaW-xYYFaE1GqIh47xxLlqHmr3iyZIClxSMJg4QOeECPNjJ-xF1WrxVSny-0Xo3ZQ:1pjX0u:xuDEROjgXgPE25UEN6hWz9gZzPUxNK5jJxe-vUU_P4k", "expire_date": "2023-04-18T03:07:16.358Z"}}, {"model": "sessions.session", "pk": "xqyjsxxx3w2rno46bxzyo1o6nk4hpwbm", "fields": {"session_data": ".eJxVjMsOwiAQAP-FsyE8Srd49N5vIAu7laqBpLQn478bkh70OjOZtwh47DkcjbewkrgKLS6_LGJ6cumCHljuVaZa9m2NsifytE3Olfh1O9u_QcaW-xYYFaE1GqIh47xxLlqHmr3iyZIClxSMJg4QOeECPNjJ-xF1WrxVSny-0Xo3ZQ:1pjYzG:HzNsB0ovqeZ4HOL0r6syDylKSH6LQVpfvRsi4fBzlgI", "expire_date": "2023-04-18T05:13:42.418Z"}}, {"model": "sessions.session", "pk": "xs27frums6ra68mrohzoheaqoo3sy1fi", "fields": {"session_data": "eyJjYXJ0Ijp7fX0:1pjwQV:QzC7PEe7JOHrK28x9LBrZKe5IdrB_NqUDcz0EQzn8nU", "expire_date": "2023-04-19T06:15:23.763Z"}}, {"model": "sessions.session", "pk": "xvcexn7hqp7c5341pxoninj34aek6rpd", "fields": {"session_data": "eyJjb3Vwb25faWQiOm51bGx9:1powjg:vtk486YF6qy5MMQEViOrnhrfn8i-4jmpKPrZd_-8vyI", "expire_date": "2023-05-03T01:35:52.952Z"}}, {"model": "social_django.usersocialauth", "pk": 1, "fields": {"user": 14, "provider": "vk-oauth2", "uid": "41331448", "extra_data": "{\"id\": 41331448, \"expires\": 86400, \"auth_time\": 1681231923, \"token_type\": null, \"access_token\": \"vk1.a.nnqiybntYa4GwhoYoTTsTGo5CU0hPxpfm3n6S39BP0199Nrur2G5XWvUq_mxCuO-OZRS4_jQYLQQLQAgsTQi1SzEUOis388bYy291XEJCIk43YNVveFUrwBgA4TNN2A2fCN3qQ09ti4WgGPEzWA5dqylpojcIUatg1eMtNLNd-zS6o_N4g_UAHw3cnjfOlQ2JFp7pMUUUoXjaP9x1omJWw\"}", "created": "2023-04-11T16:24:29.987Z", "modified": "2023-04-11T16:52:03.650Z"}}, {"model": "authtoken.token", "pk": "5c44a9f6ab35fe80fc14d5a6f565e48125aee031", "fields": {"user": 19, "created": "2023-04-27T08:37:41.632Z"}}, {"model": "authtoken.token", "pk": "8f1df7653c74065563cd3e7ae988c11dbfae3bae", "fields": {"user": 17, "created": "2023-04-27T08:37:25.713Z"}}, {"model": "authtoken.token", "pk": "94baef0b0115c79b360f79d8c9b524cd609b81b0", "fields": {"user": 1, "created": "2023-04-24T04:06:25.124Z"}}, {"model": "authtoken.token", "pk": "e26e083fc7beccba6c568333f2a240fb3b1480b4", "fields": {"user": 13, "created": "2023-04-25T04:35:58.292Z"}}, {"model": "products.productcategory", "pk": 1, "fields": {"name": "Интерьерные куклы из изолона", "slug": "interernye-kukly"}}, {"model": "products.productcategory", "pk": 2, "fields": {"name": "Интерьерные ночники", "slug": "interernye-nochniki"}}, {"model": "products.productcategory", "pk": 3, "fields": {"name": "Интерьерные цветы", "slug": "interernye-cvety"}}, {"model": "products.productcategory", "pk": 4, "fields": {"name": "Интерьерные куклы из глины", "slug": "interernye-kukly-iz-gliny"}}, {"model": "products.product", "pk": 1, "fields": {"category": 1, "name": "Бейби", "slug": "baby", "description": "Кукла из изолона.\r\nВысота - 162.", "short_description": "Кукла из изолона", "price": "3450.00", "quantity": 6, "created": "2023-04-01T11:33:52.820Z", "updated": "2023-06-25T12:20:14.775Z", "MainImage": "Main_products_images/dollsMain.jpg"}}, {"model": "products.product", "pk": 2, "fields": {"category": 1, "name": "Гном", "slug": "gnom", "description": "Гном из изолона", "short_description": "Гном", "price": "3000.00", "quantity": 4, "created": "2023-04-03T02:24:21.124Z", "updated": "2023-06-25T12:20:14.780Z", "MainImage": "Main_products_images/gnom1.jpg"}}, {"model": "products.productimage", "pk": 1, "fields": {"product": 1, "image": "products_images/dolls.jpg"}}, {"model": "products.productimage", "pk": 2, "fields": {"product": 1, "image": "products_images/dolls2.jpg"}}, {"model": "products.productimage", "pk": 3, "fields": {"product": 1, "image": "products_images/dolls3.jpg"}}, {"model": "products.productimage", "pk": 4, "fields": {"product": 1, "image": "products_images/dolls4.jpg"}}, {"model": "products.productimage", "pk": 5, "fields": {"product": 2, "image": "products_images/2.jpg"}}, {"model": "products.productimage", "pk": 6, "fields": {"product": 2, "image": "products_images/3.jpg"}}, {"model": "users.user", "pk": 1, "fields": {"password": "pbkdf2_sha256$390000$9Db211p1a1qWpizAGzxHdN$m0HIEk7dfrTqCMcbsaZwX7y7APJ0S/VnZGPa85OaEdc=", "last_login": "2023-07-29T17:37:38.122Z", "is_superuser": true, "username": "qfomich", "first_name": "Serga", "last_name": "Fom", "is_staff": true, "is_active": true, "date_joined": "2023-04-04T03:00:10Z", "image": "user_images/index.jpeg", "is_verified_email": false, "email": "qwe@mail.ru", "groups": [], "user_permissions": []}}, {"model": "users.user", "pk": 13, "fields": {"password": "pbkdf2_sha256$390000$mwyFmzLv0XGZPy6jvk9hUJ$4SnrMBUYyQuhxWrIXvxMItGpgUNTyaNfnaz+wfoJazo=", "last_login": "2023-06-25T12:10:49.463Z", "is_superuser": false, "username": "fet", "first_name": "fet", "last_name": "fet", "is_staff": false, "is_active": true, "date_joined": "2023-04-05T02:47:18.584Z", "image": "", "is_verified_email": false, "email": "viip222@yandex.ru", "groups": [], "user_permissions": []}}, {"model": "users.user", "pk": 14, "fields": {"password": "!HDmf5is6ktkXvWWJlZ3HdwtOYfFwMXesAL20A0E3", "last_login": "2023-04-11T16:52:03.679Z", "is_superuser": false, "username": "qfomich2", "first_name": "Сергей", "last_name": "Фомичёв", "is_staff": false, "is_active": true, "date_joined": "2023-04-11T16:24:29.927Z", "image": "", "is_verified_email": false, "email": "len1472@yandex.ru", "groups": [], "user_permissions": []}}, {"model": "users.user", "pk": 15, "fields": {"password": "pbkdf2_sha256$390000$INlmB8YkQeQTMCaDjDskMs$iDz4g4pVxqAUiL9pZGUmJu3HAY2e97w/9cQHEGzKchU=", "last_login": null, "is_superuser": false, "username": "max", "first_name": "", "last_name": "", "is_staff": false, "is_active": true, "date_joined": "2023-04-26T05:51:08.091Z", "image": "", "is_verified_email": false, "email": "sed@mail.ru", "groups": [], "user_permissions": []}}, {"model": "users.user", "pk": 17, "fields": {"password": "pbkdf2_sha256$390000$04hyyKaBuUE1J2KRqhxPEh$coahGpYG8ygbsuzHznKSL0AR4hrLEkXA9EKFGtjbxI0=", "last_login": null, "is_superuser": false, "username": "SimpleUser", "first_name": "", "last_name": "", "is_staff": false, "is_active": true, "date_joined": "2023-04-27T08:34:23.862Z", "image": "", "is_verified_email": false, "email": "asda@mail.ru", "groups": [], "user_permissions": []}}, {"model": "users.user", "pk": 19, "fields": {"password": "pbkdf2_sha256$390000$Wz73FmvlAzCmCP8wEiPyNd$4J+Ivy4Q/+3zK25UeTiEE+0vCqTxrxITiGyrBFaofyA=", "last_login": null, "is_superuser": true, "username": "AdminUser", "first_name": "", "last_name": "", "is_staff": true, "is_active": true, "date_joined": "2023-04-27T08:36:06.851Z", "image": "", "is_verified_email": false, "email": "wasd@mail.ru", "groups": [], "user_permissions": []}}, {"model": "users.user", "pk": 20, "fields": {"password": "pbkdf2_sha256$390000$Vvwjw3BmtvWhtpLLZnQ8gd$CcWxve7TsCvqpM8QCspw97DUo+SrpxbZnBbTqWvokuo=", "last_login": "2023-06-25T12:53:05.133Z", "is_superuser": false, "username": "Александр", "first_name": "Александр", "last_name": "Сафонов", "is_staff": false, "is_active": true, "date_joined": "2023-06-25T12:52:53.718Z", "image": "", "is_verified_email": false, "email": "ale41861@yandex.ru", "groups": [], "user_permissions": []}}, {"model": "users.user", "pk": 22, "fields": {"password": "pbkdf2_sha256$390000$sE4qfLXJCjXkQSP7ijG07x$6MZRXSUA/nFYZwouPCeWraalR716J0s2/brRpC6+Xfk=", "last_login": "2023-07-29T17:39:21.714Z", "is_superuser": true, "username": "admin", "first_name": "", "last_name": "", "is_staff": true, "is_active": true, "date_joined": "2023-07-29T17:39:10.641Z", "image": "", "is_verified_email": false, "email": "admin@admin.ru", "groups": [], "user_permissions": []}}, {"model": "users.emailverification", "pk": 7, "fields": {"code": "08e208e3-3a03-4738-9cf7-ee6bb44406a6", "user": 13, "created": "2023-04-05T02:47:18.929Z", "expiration": "2023-04-07T02:47:18.929Z"}}, {"model": "users.emailverification", "pk": 8, "fields": {"code": "fc9e288f-05e5-4aa8-bd26-eebd18ba30d9", "user": 1, "created": "2023-05-30T11:49:40.185Z", "expiration": "2023-06-01T11:49:40.185Z"}}, {"model": "users.emailverification", "pk": 9, "fields": {"code": "2b867f49-a462-4047-a3dd-192beb0f7ae4", "user": 1, "created": "2023-05-30T11:49:40.186Z", "expiration": "2023-06-01T11:49:40.185Z"}}, {"model": "users.emailverification", "pk": 10, "fields": {"code": "3cae4684-5807-4b41-8c0e-1c0aa833ce30", "user": 1, "created": "2023-05-30T11:49:40.212Z", "expiration": "2023-06-01T11:49:40.211Z"}}, {"model": "users.emailverification", "pk": 11, "fields": {"code": "e4bec059-5c92-470c-868b-10a0af3070fa", "user": 20, "created": "2023-06-25T12:52:54.075Z", "expiration": "2023-06-27T12:52:54.075Z"}}, {"model": "cart.cart", "pk": 1, "fields": {"user": 1, "product": 1, "quantity": 1, "created_timestamp": "2023-04-25T03:45:42.735Z", "coupon": null}}, {"model": "cart.cart", "pk": 3, "fields": {"user": 1, "product": 2, "quantity": 2, "created_timestamp": "2023-04-25T03:57:52.298Z", "coupon": null}}, {"model": "cart.cart", "pk": 17, "fields": {"user": 13, "product": 1, "quantity": 1, "created_timestamp": "2023-04-25T10:17:24.274Z", "coupon": 3}}, {"model": "cart.cart", "pk": 18, "fields": {"user": 13, "product": 2, "quantity": 1, "created_timestamp": "2023-04-25T10:17:46.346Z", "coupon": null}}, {"model": "favorites.favorites", "pk": 1, "fields": {"user": 13, "product": 1}}, {"model": "favorites.favorites", "pk": 2, "fields": {"user": 13, "product": 2}}, {"model": "reviews.reviews", "pk": 7, "fields": {"user": 1, "text": "Добрый день, очень понравилась, красиво смотриться всем советую!!!", "product": 1, "image": "Reviews_images/dolls3.jpg", "pub_date": "2023-04-10T11:29:15.668Z", "rating": 4}}, {"model": "reviews.reviews", "pk": 10, "fields": {"user": 1, "text": "Пойдет", "product": 1, "image": "", "pub_date": "2023-04-10T16:14:41.404Z", "rating": 3}}, {"model": "reviews.reviews", "pk": 12, "fields": {"user": 1, "text": "Норм", "product": 2, "image": "", "pub_date": "2023-04-10T16:40:44.444Z", "rating": 5}}, {"model": "reviews.reviews", "pk": 20, "fields": {"user": 1, "text": "normas", "product": 1, "image": "", "pub_date": "2023-04-25T10:47:46.730Z", "rating": 5}}, {"model": "reviews.reviews", "pk": 21, "fields": {"user": 13, "text": "dsa", "product": 1, "image": "", "pub_date": "2023-05-25T01:41:58.850Z", "rating": 5}}, {"model": "orders.order", "pk": 42, "fields": {"first_name": "Ivan", "last_name": "Ivanov", "email": "mr.viip222@mail.ru", "phone_number": "+7 922 165 134", "address": "Россия, москва, радужная 19-23", "postal_code": "108312", "city": "Москва", "created": "2023-04-16T15:05:41.452Z", "updated": "2023-04-16T15:05:55.102Z", "status": 1, "payment_id": "2bce2285-000f-5000-9000-15db97a453a1", "initiator": 1, "coupon": null, "discount": 0}}, {"model": "orders.order", "pk": 43, "fields": {"first_name": "Ivan", "last_name": "Ivanov", "email": "mr.viip222@mail.ru", "phone_number": "+7 922 165 134", "address": "Россия, москва, радужная 19-23", "postal_code": "108312", "city": "Москва", "created": "2023-04-16T17:27:17.356Z", "updated": "2023-04-16T17:32:32.142Z", "status": 1, "payment_id": "2bce43b5-000f-5000-a000-193f51722ab6", "initiator": 1, "coupon": null, "discount": 0}}, {"model": "orders.order", "pk": 44, "fields": {"first_name": "Ivan", "last_name": "Ivanov", "email": "mr.viip222@mail.ru", "phone_number": "+7 922 165 134", "address": "Россия, москва, радужная 19-23", "postal_code": "108312", "city": "Москва", "created": "2023-04-16T17:30:24.537Z", "updated": "2023-04-16T17:32:55.577Z", "status": 1, "payment_id": "2bce4470-000f-5000-9000-172518978feb", "initiator": 1, "coupon": null, "discount": 0}}, {"model": "orders.order", "pk": 45, "fields": {"first_name": "Ivan", "last_name": "Ivanov", "email": "asd@mail.ru", "phone_number": "+7 922 165 134", "address": "Россия, москва, радужная 19-23", "postal_code": "108312", "city": "Москва", "created": "2023-04-16T17:33:29.991Z", "updated": "2023-04-16T17:34:33.804Z", "status": 1, "payment_id": "2bce4529-000f-5000-9000-1efb9984949b", "initiator": 1, "coupon": null, "discount": 0}}, {"model": "orders.order", "pk": 46, "fields": {"first_name": "Ivan", "last_name": "Ivanov", "email": "mr.viip222@mail.ru", "phone_number": "+7 922 165 134", "address": "Россия, москва, радужная 19-23", "postal_code": "108312", "city": "Москва", "created": "2023-04-16T17:36:21.829Z", "updated": "2023-04-16T17:52:50.380Z", "status": 1, "payment_id": "2bce45d5-000f-5000-9000-1b00e4b68d46", "initiator": 1, "coupon": null, "discount": 0}}, {"model": "orders.order", "pk": 47, "fields": {"first_name": "Ivan", "last_name": "Ivanov", "email": "mr.viip222@mail.ru", "phone_number": "+7 922 165 134", "address": "Россия, москва, радужная 19-23", "postal_code": "108312", "city": "Москва", "created": "2023-04-16T17:38:28.954Z", "updated": "2023-04-16T17:55:00.332Z", "status": 1, "payment_id": "2bce4654-000f-5000-9000-1794f5cb55b6", "initiator": 1, "coupon": null, "discount": 0}}, {"model": "orders.order", "pk": 48, "fields": {"first_name": "Kristina", "last_name": "Ivanov", "email": "mr.viip222@mail.ru", "phone_number": "+7 922 165 134", "address": "ул. Пушкина. дом. Колотушкина", "postal_code": "108312", "city": "Москва", "created": "2023-04-16T17:43:38.841Z", "updated": "2023-04-16T17:44:51.375Z", "status": 1, "payment_id": "2bce478a-000f-5000-9000-1b6b41ad3828", "initiator": 1, "coupon": null, "discount": 0}}, {"model": "orders.order", "pk": 49, "fields": {"first_name": "Kristina", "last_name": "Ivanov", "email": "mr.viip222@mail.ru", "phone_number": "+7 922 165 134", "address": "ул. Пушкина. дом. Колотушкина", "postal_code": "108312", "city": "Москва", "created": "2023-04-16T17:48:21.325Z", "updated": "2023-04-16T17:48:34.172Z", "status": 1, "payment_id": "2bce48a5-000f-5000-8000-16e4c5acd5dc", "initiator": 1, "coupon": null, "discount": 0}}, {"model": "orders.order", "pk": 50, "fields": {"first_name": "Ivan", "last_name": "Ivanov", "email": "mr.viip222@mail.ru", "phone_number": "+7 922 165 134", "address": "Россия, москва, радужная 19-23", "postal_code": "108312", "city": "Москва", "created": "2023-04-16T17:50:06.525Z", "updated": "2023-04-16T17:50:18.112Z", "status": 1, "payment_id": "2bce490e-000f-5000-8000-1823f3204838", "initiator": 1, "coupon": null, "discount": 0}}, {"model": "orders.order", "pk": 51, "fields": {"first_name": "Ivan", "last_name": "Ivanov", "email": "asd@mail.ru", "phone_number": "+7 922 165 134", "address": "Россия, москва, радужная 19-23", "postal_code": "108312", "city": "Москва", "created": "2023-04-17T14:34:07.576Z", "updated": "2023-04-17T14:34:19.779Z", "status": 1, "payment_id": "2bcf6c9f-000f-5000-9000-13c0edda84f7", "initiator": 13, "coupon": null, "discount": 0}}, {"model": "orders.order", "pk": 52, "fields": {"first_name": "Ivan", "last_name": "Ivanov", "email": "mr.viip222@mail.ru", "phone_number": "+7 922 165 134", "address": "Россия, москва, радужная 19-23", "postal_code": "108312", "city": "Москва", "created": "2023-04-17T14:37:11.184Z", "updated": "2023-04-17T14:37:30.195Z", "status": 1, "payment_id": "2bcf6d57-000f-5000-8000-1ea46a31962c", "initiator": 13, "coupon": null, "discount": 0}}, {"model": "orders.order", "pk": 53, "fields": {"first_name": "Ivan", "last_name": "Ivanov", "email": "mr.viip222@mail.ru", "phone_number": "+7 922 165 134", "address": "Россия, москва, радужная 19-23", "postal_code": "108312", "city": "Москва", "created": "2023-04-17T14:42:50.201Z", "updated": "2023-04-17T14:43:00.513Z", "status": 1, "payment_id": "2bcf6eaa-000f-5000-8000-126738b6ce7f", "initiator": 1, "coupon": null, "discount": 0}}, {"model": "orders.order", "pk": 55, "fields": {"first_name": "Ivan", "last_name": "Ivanov", "email": "mr.viip222@mail.ru", "phone_number": "+7 922 165 134", "address": "Россия, москва, радужная 19-23", "postal_code": "108312", "city": "Москва", "created": "2023-04-18T23:50:59.601Z", "updated": "2023-04-19T00:54:12.377Z", "status": 4, "payment_id": "2bd140a3-000f-5000-8000-1a2e0628d3eb", "initiator": 13, "coupon": 2, "discount": 15}}, {"model": "orders.order", "pk": 56, "fields": {"first_name": "Ivan", "last_name": "Ivanov", "email": "mr.viip222@mail.ru", "phone_number": "+7 922 165 134", "address": "Россия, москва, радужная 19-23", "postal_code": "108312", "city": "Москва", "created": "2023-04-18T23:52:58.020Z", "updated": "2023-04-18T23:53:20.112Z", "status": 1, "payment_id": "2bd14119-000f-5000-a000-1317b173b1f4", "initiator": 13, "coupon": 2, "discount": 15}}, {"model": "orders.order", "pk": 57, "fields": {"first_name": "Ivan", "last_name": "Ivanov", "email": "mr.viip222@mail.ru", "phone_number": "+7 922 165 134", "address": "Россия, москва, радужная 19-23", "postal_code": "108312", "city": "Москва", "created": "2023-04-19T00:10:24.388Z", "updated": "2023-04-19T01:13:25.840Z", "status": 4, "payment_id": "2bd14530-000f-5000-a000-180ac26c6f94", "initiator": 13, "coupon": 2, "discount": 15}}, {"model": "orders.order", "pk": 58, "fields": {"first_name": "Ivan", "last_name": "Ivanov", "email": "mr.viip222@mail.ru", "phone_number": "+7 922 165 134", "address": "Россия, москва, радужная 19-23", "postal_code": "108312", "city": "Москва", "created": "2023-04-19T00:44:02.324Z", "updated": "2023-04-19T00:44:16.478Z", "status": 1, "payment_id": "2bd14d12-000f-5000-9000-1f183a32839b", "initiator": 13, "coupon": 3, "discount": 10}}, {"model": "orders.order", "pk": 59, "fields": {"first_name": "Ivan", "last_name": "Ivanov", "email": "mr.viip222@mail.ru", "phone_number": "+7 922 165 134", "address": "Россия, москва, радужная 19-23", "postal_code": "108312", "city": "Москва", "created": "2023-04-19T00:45:09.078Z", "updated": "2023-04-19T01:48:11.085Z", "status": 4, "payment_id": "2bd14d55-000f-5000-8000-1183f1679dd2", "initiator": 13, "coupon": 3, "discount": 10}}, {"model": "orders.order", "pk": 60, "fields": {"first_name": "Ivan", "last_name": "Ivanov", "email": "mr.viip222@mail.ru", "phone_number": "+7 922 165 134", "address": "Россия, москва, радужная 19-23", "postal_code": "108312", "city": "Москва", "created": "2023-04-19T00:48:42.176Z", "updated": "2023-04-19T00:48:52.703Z", "status": 1, "payment_id": "2bd14e2a-000f-5000-8000-1235e6b51b19", "initiator": 1, "coupon": 3, "discount": 10}}, {"model": "orders.order", "pk": 61, "fields": {"first_name": "Kristina", "last_name": "Ivanov", "email": "mr.viip222@mail.ru", "phone_number": "+7 922 165 134", "address": "Россия, москва, радужная 19-23", "postal_code": "108312", "city": "Москва", "created": "2023-04-19T00:55:29.994Z", "updated": "2023-04-19T01:12:02.009Z", "status": 1, "payment_id": "2bd14fc1-000f-5000-8000-144953991a29", "initiator": 1, "coupon": 3, "discount": 10}}, {"model": "orders.order", "pk": 62, "fields": {"first_name": "Ivan", "last_name": "Ivanov", "email": "mr.viip222@mail.ru", "phone_number": "+7 922 165 134", "address": "Россия, москва, радужная 19-23", "postal_code": "108312", "city": "Москва", "created": "2023-04-19T01:20:46.366Z", "updated": "2023-04-19T01:37:15.485Z", "status": 1, "payment_id": "2bd155ae-000f-5000-a000-1c26bc5e7c20", "initiator": 1, "coupon": 2, "discount": 15}}, {"model": "orders.order", "pk": 63, "fields": {"first_name": "Ivan", "last_name": "Ivanov", "email": "mr.viip222@mail.ru", "phone_number": "+7 922 165 134", "address": "Россия, москва, радужная 19-23", "postal_code": "108312", "city": "Москва", "created": "2023-04-19T01:32:28.751Z", "updated": "2023-04-19T01:34:59.522Z", "status": 1, "payment_id": "2bd1586c-000f-5000-a000-1d891c607a7e", "initiator": 1, "coupon": 2, "discount": 15}}, {"model": "orders.order", "pk": 64, "fields": {"first_name": "Ivan", "last_name": "Ivanov", "email": "mr.viip222@mail.ru", "phone_number": "+7 922 165 134", "address": "Россия, москва, радужная 19-23", "postal_code": "108312", "city": "Москва", "created": "2023-04-19T01:35:38.282Z", "updated": "2023-04-19T01:35:52.145Z", "status": 1, "payment_id": "2bd1592a-000f-5000-a000-140d83a23a41", "initiator": 1, "coupon": 2, "discount": 15}}, {"model": "orders.order", "pk": 65, "fields": {"first_name": "Kristina", "last_name": "Ivanov", "email": "mr.viip222@mail.ru", "phone_number": "+7 922 165 134", "address": "Россия, москва, радужная 19-23", "postal_code": "108312", "city": "Москва", "created": "2023-04-19T02:13:23.749Z", "updated": "2023-04-19T02:13:37.649Z", "status": 1, "payment_id": "2bd16203-000f-5000-9000-122f39cc9240", "initiator": 1, "coupon": 3, "discount": 10}}, {"model": "orders.order", "pk": 66, "fields": {"first_name": "Ivan", "last_name": "Ivanov", "email": "mr.viip222@mail.ru", "phone_number": "+7 922 165 134", "address": "Россия, москва, радужная 19-23", "postal_code": "108312", "city": "Москва", "created": "2023-04-19T16:21:09.231Z", "updated": "2023-04-19T16:37:39.551Z", "status": 1, "payment_id": "2bd228b5-000f-5000-8000-150648c9a2bb", "initiator": 1, "coupon": 2, "discount": 15}}, {"model": "orders.order", "pk": 67, "fields": {"first_name": "Ivan", "last_name": "Ivanov", "email": "mr.viip222@mail.ru", "phone_number": "+7 922 165 134", "address": "Россия, москва, радужная 19-23", "postal_code": "108312", "city": "Москва", "created": "2023-04-19T16:23:31.334Z", "updated": "2023-04-19T16:39:59.989Z", "status": 1, "payment_id": "2bd22943-000f-5000-a000-1066649a89eb", "initiator": 1, "coupon": 3, "discount": 10}}, {"model": "orders.order", "pk": 68, "fields": {"first_name": "Ivan", "last_name": "Ivanov", "email": "mr.viip222@mail.ru", "phone_number": "+7 922 165 134", "address": "Россия, москва, радужная 19-23", "postal_code": "108312", "city": "Москва", "created": "2023-04-19T16:34:57.961Z", "updated": "2023-04-19T16:35:07.373Z", "status": 1, "payment_id": "2bd22bf1-000f-5000-8000-114cd34c1ebd", "initiator": 1, "coupon": 3, "discount": 10}}, {"model": "orders.order", "pk": 69, "fields": {"first_name": "Ivan", "last_name": "Ivanov", "email": "mr.viip222@mail.ru", "phone_number": "+7 922 165 134", "address": "Россия, москва, радужная 19-23", "postal_code": "108312", "city": "Москва", "created": "2023-04-19T16:35:59.833Z", "updated": "2023-04-19T16:36:19.983Z", "status": 1, "payment_id": "2bd22c2f-000f-5000-9000-1bd9cae44616", "initiator": 1, "coupon": 2, "discount": 15}}, {"model": "orders.order", "pk": 70, "fields": {"first_name": "Kristina", "last_name": "Ivanov", "email": "mr.viip222@mail.ru", "phone_number": "+7 922 165 134", "address": "Россия, москва, радужная 19-23", "postal_code": "108312", "city": "Москва", "created": "2023-04-19T16:38:22.349Z", "updated": "2023-04-19T16:38:31.963Z", "status": 1, "payment_id": "2bd22cbe-000f-5000-a000-15a55b05fb01", "initiator": 1, "coupon": 2, "discount": 15}}, {"model": "orders.order", "pk": 71, "fields": {"first_name": "Ivan", "last_name": "Ivanov", "email": "mr.viip222@mail.ru", "phone_number": "+7 922 165 134", "address": "Россия, москва, радужная 19-23", "postal_code": "108312", "city": "Москва", "created": "2023-04-19T16:42:22.419Z", "updated": "2023-04-19T16:42:34.036Z", "status": 1, "payment_id": "2bd22dae-000f-5000-9000-108aa7b62027", "initiator": 1, "coupon": 3, "discount": 10}}, {"model": "orders.order", "pk": 72, "fields": {"first_name": "Ivan", "last_name": "Ivanov", "email": "mr.viip222@mail.ru", "phone_number": "+7 922 165 134", "address": "Россия, москва, радужная 19-23", "postal_code": "108312", "city": "Москва", "created": "2023-04-19T18:43:08.415Z", "updated": "2023-04-19T18:43:21.651Z", "status": 1, "payment_id": "2bd249fc-000f-5000-a000-16363543fcf8", "initiator": 1, "coupon": 2, "discount": 15}}, {"model": "orders.order", "pk": 73, "fields": {"first_name": "asd", "last_name": "asd", "email": "viip222@yandex.ru", "phone_number": "+7 922 165 134", "address": "Россия, москва, радужная 19", "postal_code": "108312", "city": "Москва", "created": "2023-05-30T11:07:55.833Z", "updated": "2023-05-30T11:07:55.834Z", "status": 0, "payment_id": "2c07eccb-000f-5000-8000-17e4285174a7", "initiator": 13, "coupon": null, "discount": 0}}, {"model": "orders.order", "pk": 74, "fields": {"first_name": "asd", "last_name": "Bond", "email": "viip222@yandex.ru", "phone_number": "+7 922 165 134", "address": "Россия, москва, радужная 19", "postal_code": "108312", "city": "Москва", "created": "2023-05-30T11:19:05.654Z", "updated": "2023-05-30T11:19:05.654Z", "status": 0, "payment_id": "2c07ef69-000f-5000-a000-16cbb2ceebc7", "initiator": 13, "coupon": null, "discount": 0}}, {"model": "orders.order", "pk": 75, "fields": {"first_name": "asd", "last_name": "asd", "email": "viip222@yandex.ru", "phone_number": "+7 922 165 134", "address": "Россия, москва, радужная 19", "postal_code": "108312", "city": "Москва", "created": "2023-05-30T11:35:48.271Z", "updated": "2023-05-30T11:35:48.271Z", "status": 0, "payment_id": "2c07f354-000f-5000-a000-1055086dc266", "initiator": 13, "coupon": null, "discount": 0}}, {"model": "orders.order", "pk": 76, "fields": {"first_name": "asd", "last_name": "asd", "email": "viip222@yandex.ru", "phone_number": "+7 922 165 134", "address": "Россия, москва, радужная 19", "postal_code": "108312", "city": "Москва", "created": "2023-05-30T11:38:54.024Z", "updated": "2023-05-30T11:38:54.024Z", "status": 0, "payment_id": "2c07f40d-000f-5000-9000-1ba546f2cd54", "initiator": 13, "coupon": null, "discount": 0}}, {"model": "orders.order", "pk": 77, "fields": {"first_name": "asd", "last_name": "asd", "email": "viip222@yandex.ru", "phone_number": "+7 922 165 134", "address": "Россия, москва, радужная 19", "postal_code": "108312", "city": "Москва", "created": "2023-05-30T11:45:40.024Z", "updated": "2023-05-30T12:02:16.927Z", "status": 1, "payment_id": "2c07f5a3-000f-5000-9000-1c16ceefc92e", "initiator": 13, "coupon": null, "discount": 0}}, {"model": "orders.order", "pk": 78, "fields": {"first_name": "asd", "last_name": "Bond", "email": "viip222@yandex.ru", "phone_number": "+7 922 165 134", "address": "Россия, москва, радужная 19", "postal_code": "108312", "city": "Москва", "created": "2023-05-30T12:11:50.960Z", "updated": "2023-05-30T12:12:09.350Z", "status": 1, "payment_id": "2c07fbc6-000f-5000-8000-1967d4023c56", "initiator": 13, "coupon": 3, "discount": 10}}, {"model": "orders.order", "pk": 79, "fields": {"first_name": "asd", "last_name": "asd", "email": "viip222@yandex.ru", "phone_number": "+7 922 165 134", "address": "Россия, москва, радужная 19", "postal_code": "108312", "city": "Москва", "created": "2023-06-23T15:00:49.096Z", "updated": "2023-06-23T15:06:28.864Z", "status": 1, "payment_id": "2c27c761-000f-5000-8000-1b2953dd02eb", "initiator": 13, "coupon": null, "discount": 0}}, {"model": "orders.order", "pk": 80, "fields": {"first_name": "Fet", "last_name": "Bond", "email": "mr.viip222@mail.ru", "phone_number": "+7 922 165 134", "address": "Россия, москва, радужная 19", "postal_code": "108312", "city": "Москва", "created": "2023-06-23T15:07:01.201Z", "updated": "2023-06-23T15:08:12.839Z", "status": 1, "payment_id": "2c27c8d5-000f-5000-8000-14d2e7d33c5d", "initiator": 1, "coupon": null, "discount": 0}}, {"model": "orders.order", "pk": 81, "fields": {"first_name": "Serega", "last_name": "Serega", "email": "mr.viip222@mail.ru", "phone_number": "+7 922 165 134", "address": "Россия, москва, радужная 19", "postal_code": "108312", "city": "Москва", "created": "2023-06-25T12:19:17.914Z", "updated": "2023-06-25T12:20:14.767Z", "status": 1, "payment_id": "2c2a4485-000f-5000-8000-14973798ae24", "initiator": 1, "coupon": 3, "discount": 10}}, {"model": "orders.orderitem", "pk": 59, "fields": {"order": 42, "product": 1, "price": "3450.00", "quantity": 1}}, {"model": "orders.orderitem", "pk": 60, "fields": {"order": 43, "product": 1, "price": "3450.00", "quantity": 2}}, {"model": "orders.orderitem", "pk": 61, "fields": {"order": 43, "product": 2, "price": "3000.00", "quantity": 1}}, {"model": "orders.orderitem", "pk": 62, "fields": {"order": 44, "product": 1, "price": "3450.00", "quantity": 2}}, {"model": "orders.orderitem", "pk": 63, "fields": {"order": 44, "product": 2, "price": "3000.00", "quantity": 1}}, {"model": "orders.orderitem", "pk": 64, "fields": {"order": 45, "product": 1, "price": "3450.00", "quantity": 2}}, {"model": "orders.orderitem", "pk": 65, "fields": {"order": 45, "product": 2, "price": "3000.00", "quantity": 1}}, {"model": "orders.orderitem", "pk": 66, "fields": {"order": 46, "product": 1, "price": "3450.00", "quantity": 2}}, {"model": "orders.orderitem", "pk": 67, "fields": {"order": 46, "product": 2, "price": "3000.00", "quantity": 2}}, {"model": "orders.orderitem", "pk": 68, "fields": {"order": 47, "product": 1, "price": "3450.00", "quantity": 2}}, {"model": "orders.orderitem", "pk": 69, "fields": {"order": 48, "product": 1, "price": "3450.00", "quantity": 2}}, {"model": "orders.orderitem", "pk": 70, "fields": {"order": 49, "product": 1, "price": "3450.00", "quantity": 2}}, {"model": "orders.orderitem", "pk": 71, "fields": {"order": 50, "product": 1, "price": "3450.00", "quantity": 2}}, {"model": "orders.orderitem", "pk": 72, "fields": {"order": 50, "product": 2, "price": "3000.00", "quantity": 2}}, {"model": "orders.orderitem", "pk": 73, "fields": {"order": 51, "product": 1, "price": "3450.00", "quantity": 2}}, {"model": "orders.orderitem", "pk": 74, "fields": {"order": 51, "product": 2, "price": "3000.00", "quantity": 1}}, {"model": "orders.orderitem", "pk": 75, "fields": {"order": 52, "product": 1, "price": "3450.00", "quantity": 1}}, {"model": "orders.orderitem", "pk": 76, "fields": {"order": 52, "product": 2, "price": "3000.00", "quantity": 1}}, {"model": "orders.orderitem", "pk": 77, "fields": {"order": 53, "product": 1, "price": "3450.00", "quantity": 2}}, {"model": "orders.orderitem", "pk": 80, "fields": {"order": 55, "product": 1, "price": "3450.00", "quantity": 1}}, {"model": "orders.orderitem", "pk": 81, "fields": {"order": 55, "product": 2, "price": "3000.00", "quantity": 1}}, {"model": "orders.orderitem", "pk": 82, "fields": {"order": 56, "product": 1, "price": "3450.00", "quantity": 1}}, {"model": "orders.orderitem", "pk": 83, "fields": {"order": 56, "product": 2, "price": "3000.00", "quantity": 1}}, {"model": "orders.orderitem", "pk": 84, "fields": {"order": 57, "product": 2, "price": "3000.00", "quantity": 1}}, {"model": "orders.orderitem", "pk": 85, "fields": {"order": 58, "product": 1, "price": "3450.00", "quantity": 1}}, {"model": "orders.orderitem", "pk": 86, "fields": {"order": 58, "product": 2, "price": "3000.00", "quantity": 1}}, {"model": "orders.orderitem", "pk": 87, "fields": {"order": 59, "product": 1, "price": "3450.00", "quantity": 1}}, {"model": "orders.orderitem", "pk": 88, "fields": {"order": 60, "product": 1, "price": "3450.00", "quantity": 1}}, {"model": "orders.orderitem", "pk": 89, "fields": {"order": 61, "product": 1, "price": "3450.00", "quantity": 1}}, {"model": "orders.orderitem", "pk": 90, "fields": {"order": 62, "product": 1, "price": "3450.00", "quantity": 1}}, {"model": "orders.orderitem", "pk": 91, "fields": {"order": 63, "product": 2, "price": "3000.00", "quantity": 1}}, {"model": "orders.orderitem", "pk": 92, "fields": {"order": 64, "product": 2, "price": "3000.00", "quantity": 1}}, {"model": "orders.orderitem", "pk": 93, "fields": {"order": 65, "product": 1, "price": "3450.00", "quantity": 1}}, {"model": "orders.orderitem", "pk": 94, "fields": {"order": 66, "product": 1, "price": "3450.00", "quantity": 1}}, {"model": "orders.orderitem", "pk": 95, "fields": {"order": 66, "product": 2, "price": "3000.00", "quantity": 1}}, {"model": "orders.orderitem", "pk": 96, "fields": {"order": 67, "product": 1, "price": "3450.00", "quantity": 1}}, {"model": "orders.orderitem", "pk": 97, "fields": {"order": 68, "product": 2, "price": "3000.00", "quantity": 1}}, {"model": "orders.orderitem", "pk": 98, "fields": {"order": 69, "product": 2, "price": "3000.00", "quantity": 1}}, {"model": "orders.orderitem", "pk": 99, "fields": {"order": 70, "product": 1, "price": "3450.00", "quantity": 1}}, {"model": "orders.orderitem", "pk": 100, "fields": {"order": 71, "product": 1, "price": "3450.00", "quantity": 1}}, {"model": "orders.orderitem", "pk": 101, "fields": {"order": 72, "product": 1, "price": "3450.00", "quantity": 1}}, {"model": "orders.orderitem", "pk": 102, "fields": {"order": 73, "product": 1, "price": "3450.00", "quantity": 1}}, {"model": "orders.orderitem", "pk": 103, "fields": {"order": 74, "product": 1, "price": "3450.00", "quantity": 1}}, {"model": "orders.orderitem", "pk": 104, "fields": {"order": 75, "product": 1, "price": "3450.00", "quantity": 1}}, {"model": "orders.orderitem", "pk": 105, "fields": {"order": 76, "product": 1, "price": "3450.00", "quantity": 1}}, {"model": "orders.orderitem", "pk": 106, "fields": {"order": 77, "product": 1, "price": "3450.00", "quantity": 1}}, {"model": "orders.orderitem", "pk": 107, "fields": {"order": 78, "product": 2, "price": "3000.00", "quantity": 1}}, {"model": "orders.orderitem", "pk": 108, "fields": {"order": 79, "product": 2, "price": "3000.00", "quantity": 1}}, {"model": "orders.orderitem", "pk": 109, "fields": {"order": 79, "product": 1, "price": "3450.00", "quantity": 1}}, {"model": "orders.orderitem", "pk": 110, "fields": {"order": 80, "product": 1, "price": "3450.00", "quantity": 1}}, {"model": "orders.orderitem", "pk": 111, "fields": {"order": 81, "product": 1, "price": "3450.00", "quantity": 1}}, {"model": "orders.orderitem", "pk": 112, "fields": {"order": 81, "product": 2, "price": "3000.00", "quantity": 1}}, {"model": "coupons.coupon", "pk": 2, "fields": {"code": "test2", "valid_from": "2023-05-30T16:57:23Z", "valid_to": "2023-05-31T16:57:26Z", "discount": 15, "active": true}}, {"model": "coupons.coupon", "pk": 3, "fields": {"code": "test1", "valid_from": "2023-05-30T11:01:24Z", "valid_to": "2023-06-30T17:01:25Z", "discount": 10, "active": true}}, {"model": "coupons.usersusedcoupon", "pk": 33, "fields": {"coupon": 3, "user": 13}}, {"model": "coupons.usersusedcoupon", "pk": 34, "fields": {"coupon": 3, "user": 1}}]